data/spl/172.31.69.11/cap_00573_20180215193013,134.0,0.0,0.0,0.0,0.0
data/spl/172.31.69.11/cap_00218_20180215162054,230.0,0.0,0.0,0.0,0.0
data/spl/172.31.69.11/cap_00686_20180215203029,94.0,0.0,0.0,0.0,0.0
data/spl/172.31.69.11/cap_01008_20180215232215,31.0,0.0,0.0,0.0,0.0
data/spl/172.31.69.11/cap_00442_20180215182022,105.0,0.0,0.0,0.0,0.0
data/spl/172.31.69.11/cap_00683_20180215202854,72.0,0.0,0.0,0.0,0.0
data/spl/172.31.69.11/cap_00921_20180215223549,145.0,0.0,0.0,0.0,0.0
data/spl/172.31.69.11/cap_00435_20180215181637,16.0,0.0,0.0,0.0,0.0
data/spl/172.31.69.11/cap_00981_20180215230756,45.0,0.0,0.0,0.0,0.0
data/spl/172.31.69.11/cap_00609_20180215194926,278.0,0.0,0.0,0.0,0.0
data/spl/172.31.69.11/cap_00156_20180215154749,88.0,0.0,0.0,0.0,0.0
data/spl/172.31.69.11/cap_00931_20180215224110,153.0,0.0,0.0,0.0,0.0
data/spl/172.31.69.11/cap_00988_20180215231137,9.0,0.0,0.0,0.0,0.0
data/spl/172.31.69.11/cap_00889_20180215221846,282.0,0.0,0.0,0.0,0.0
data/spl/172.31.69.11/cap_00849_20180215215725,76.0,0.0,0.0,0.0,0.0
data/spl/172.31.69.11/cap_00845_20180215215517,72.0,0.0,0.0,0.0,0.0
data/spl/172.31.69.11/cap_00300_20180215170438,377.0,0.0,0.0,0.0,0.0
data/spl/172.31.69.11/cap_00380_20180215174719,70.0,0.0,0.0,0.0,0.0
data/spl/172.31.69.11/cap_00743_20180215210054,144.0,0.0,0.0,0.0,0.0
data/spl/172.31.69.11/cap_00281_20180215165435,57.0,0.0,0.0,0.0,0.0
data/spl/172.31.69.11/cap_00393_20180215175414,179.0,0.0,0.0,0.0,0.0
data/spl/172.31.69.11/cap_00878_20180215221255,50.0,0.0,0.0,0.0,0.0
data/spl/172.31.69.11/cap_00418_20180215180733,28.0,0.0,0.0,0.0,0.0
data/spl/172.31.69.11/cap_00441_20180215181949,260.0,0.0,0.0,0.0,0.0
data/spl/172.31.69.11/cap_00755_20180215210717,218.0,0.0,0.0,0.0,0.0
data/spl/172.31.69.11/cap_00842_20180215215343,28.0,0.0,0.0,0.0,0.0
data/spl/172.31.69.11/cap_00867_20180215220714,0.0,0.0,0.0,0.0,0.0
data/spl/172.31.69.11/cap_00903_20180215222613,54.0,0.0,0.0,0.0,0.0
data/spl/172.31.69.11/cap_00104_20180215152005,51.0,0.0,0.0,0.0,0.0
data/spl/172.31.69.11/cap_00987_20180215231102,31.0,0.0,0.0,0.0,0.0
data/spl/172.31.69.11/cap_00353_20180215173253,122.0,0.0,0.0,0.0,0.0
data/spl/172.31.69.11/cap_01019_20180215232807,29.0,0.0,0.0,0.0,0.0
data/spl/172.31.69.11/cap_00485_20180215184319,49.0,0.0,0.0,0.0,0.0
data/spl/172.31.69.11/cap_00111_20180215152349,67.0,0.0,0.0,0.0,0.0
data/spl/172.31.69.11/cap_01061_20180215235029,199.0,0.0,0.0,0.0,0.0
data/spl/172.31.69.11/cap_00460_20180215182958,19.0,0.0,0.0,0.0,0.0
data/spl/172.31.69.11/cap_00347_20180215172944,48.0,0.0,0.0,0.0,0.0
data/spl/172.31.69.11/cap_00914_20180215223205,183.0,0.0,0.0,0.0,0.0
data/spl/172.31.69.11/cap_00438_20180215181813,279.0,0.0,0.0,0.0,0.0
data/spl/172.31.69.11/cap_00209_20180215161607,40.0,0.0,0.0,0.0,0.0
data/spl/172.31.69.11/cap_00368_20180215174056,61.0,0.0,0.0,0.0,0.0
data/spl/172.31.69.11/cap_00623_20180215195653,377.0,0.0,0.0,0.0,0.0
data/spl/172.31.69.11/cap_00450_20180215182438,58.0,0.0,0.0,0.0,0.0
data/spl/172.31.69.11/cap_00502_20180215185221,37.0,0.0,0.0,0.0,0.0
data/spl/172.31.69.11/cap_00402_20180215175901,1059.0,0.0,0.0,0.0,0.0
data/spl/172.31.69.11/cap_00415_20180215180557,142.0,0.0,0.0,0.0,0.0
data/spl/172.31.69.11/cap_00655_20180215201359,79.0,0.0,0.0,0.0,0.0
data/spl/172.31.69.11/cap_00190_20180215160559,57.0,0.0,0.0,0.0,0.0
data/spl/172.31.69.11/cap_00234_20180215162928,61.0,0.0,0.0,0.0,0.0
data/spl/172.31.69.11/cap_00277_20180215165223,87.0,0.0,0.0,0.0,0.0
data/spl/172.31.69.11/cap_00343_20180215172733,650.0,0.0,0.0,0.0,0.0
data/spl/172.31.69.11/cap_00943_20180215224734,30.0,0.0,0.0,0.0,0.0
data/spl/172.31.69.11/cap_00311_20180215171030,158.0,0.0,0.0,0.0,0.0
data/spl/172.31.69.11/cap_00158_20180215154854,67.0,0.0,0.0,0.0,0.0
data/spl/172.31.69.11/cap_00299_20180215170405,41.0,0.0,0.0,0.0,0.0
data/spl/172.31.69.11/cap_00229_20180215162646,15.0,0.0,0.0,0.0,0.0
data/spl/172.31.69.11/cap_00506_20180215185431,66.0,0.0,0.0,0.0,0.0
data/spl/172.31.69.11/cap_00193_20180215160733,116.0,0.0,0.0,0.0,0.0
data/spl/172.31.69.11/cap_00166_20180215155310,80.0,0.0,0.0,0.0,0.0
data/spl/172.31.69.11/cap_00144_20180215154125,132.0,0.0,0.0,0.0,0.0
data/spl/172.31.69.11/cap_01071_20180215235549,133.0,0.0,0.0,0.0,0.0
data/spl/172.31.69.11/cap_00746_20180215210231,55.0,0.0,0.0,0.0,0.0
data/spl/172.31.69.11/cap_00547_20180215191622,19.0,0.0,0.0,0.0,0.0
data/spl/172.31.69.11/cap_00057_20180215145503,52.0,0.0,0.0,0.0,0.0
data/spl/172.31.69.11/cap_00862_20180215220421,86.0,0.0,0.0,0.0,0.0
data/spl/172.31.69.11/cap_00334_20180215172252,2279.0,0.0,0.0,0.0,0.0
data/spl/172.31.69.11/cap_00902_20180215222546,51.0,0.0,0.0,0.0,0.0
data/spl/172.31.69.11/cap_00222_20180215162301,51.0,0.0,0.0,0.0,0.0
data/spl/172.31.69.11/cap_00882_20180215221503,72.0,0.0,0.0,0.0,0.0
data/spl/172.31.69.11/cap_00543_20180215191413,37.0,0.0,0.0,0.0,0.0
data/spl/172.31.69.11/cap_00124_20180215153045,182.0,0.0,0.0,0.0,0.0
data/spl/172.31.69.11/cap_00619_20180215195445,32.0,0.0,0.0,0.0,0.0
data/spl/172.31.69.11/cap_00789_20180215212525,467.0,0.0,0.0,0.0,0.0
data/spl/172.31.69.11/cap_00551_20180215191832,48.0,0.0,0.0,0.0,0.0
data/spl/172.31.69.11/cap_00668_20180215202053,1075.0,0.0,0.0,0.0,0.0
data/spl/172.31.69.11/cap_00969_20180215230125,36.0,0.0,0.0,0.0,0.0
data/spl/172.31.69.11/cap_00045_20180215144837,70.0,0.0,0.0,0.0,0.0
data/spl/172.31.69.11/cap_00724_20180215205050,36.0,0.0,0.0,0.0,0.0
data/spl/172.31.69.11/cap_01025_20180215233121,757.0,0.0,0.0,0.0,0.0
data/spl/172.31.69.11/cap_00652_20180215201221,116.0,0.0,0.0,0.0,0.0
data/spl/172.31.69.11/cap_00032_20180215144145,84.0,0.0,0.0,0.0,0.0
data/spl/172.31.69.11/cap_00199_20180215161046,640.0,0.0,0.0,0.0,0.0
data/spl/172.31.69.11/cap_01062_20180215235101,109.0,0.0,0.0,0.0,0.0
data/spl/172.31.69.11/cap_00411_20180215180349,71.0,0.0,0.0,0.0,0.0
data/spl/172.31.69.11/cap_00395_20180215175517,83.0,0.0,0.0,0.0,0.0
data/spl/172.31.69.11/cap_00641_20180215200630,37.0,0.0,0.0,0.0,0.0
data/spl/172.31.69.11/cap_00705_20180215204039,347.0,0.0,0.0,0.0,0.0
data/spl/172.31.69.11/cap_00991_20180215231310,85.0,0.0,0.0,0.0,0.0
data/spl/172.31.69.11/cap_01055_20180215234717,131.0,0.0,0.0,0.0,0.0
data/spl/172.31.69.11/cap_00011_20180215143032,48.0,0.0,0.0,0.0,0.0
data/spl/172.31.69.11/cap_00714_20180215204527,475.0,0.0,0.0,0.0,0.0
data/spl/172.31.69.11/cap_00595_20180215194157,30.0,0.0,0.0,0.0,0.0
data/spl/172.31.69.11/cap_00734_20180215205609,110.0,0.0,0.0,0.0,0.0
data/spl/172.31.69.11/cap_01042_20180215234021,568.0,0.0,0.0,0.0,0.0
data/spl/172.31.69.11/cap_00810_20180215213637,42.0,0.0,0.0,0.0,0.0
data/spl/172.31.69.11/cap_00008_20180215142853,48.0,0.0,0.0,0.0,0.0
data/spl/172.31.69.11/cap_00678_20180215202614,183.0,0.0,0.0,0.0,0.0
data/spl/172.31.69.11/cap_01044_20180215234125,247.0,0.0,0.0,0.0,0.0
data/spl/172.31.69.11/cap_00525_20180215190441,61.0,0.0,0.0,0.0,0.0
data/spl/172.31.69.11/cap_00654_20180215201330,790.0,0.0,0.0,0.0,0.0
data/spl/172.31.69.11/cap_01051_20180215234509,225.0,0.0,0.0,0.0,0.0
data/spl/172.31.69.11/cap_00990_20180215231239,63.0,0.0,0.0,0.0,0.0
data/spl/172.31.69.11/cap_00787_20180215212422,345.0,0.0,0.0,0.0,0.0
data/spl/172.31.69.11/cap_00279_20180215165326,349.0,0.0,0.0,0.0,0.0
data/spl/172.31.69.11/cap_00532_20180215190824,34.0,0.0,0.0,0.0,0.0
data/spl/172.31.69.11/cap_00468_20180215183413,46.0,0.0,0.0,0.0,0.0
data/spl/172.31.69.11/cap_00637_20180215200421,43.0,0.0,0.0,0.0,0.0
data/spl/172.31.69.11/cap_00449_20180215182412,51.0,0.0,0.0,0.0,0.0
data/spl/172.31.69.11/cap_00785_20180215212318,65.0,0.0,0.0,0.0,0.0
data/spl/172.31.69.11/cap_00911_20180215223029,62.0,0.0,0.0,0.0,0.0
data/spl/172.31.69.11/cap_00264_20180215164525,46.0,0.0,0.0,0.0,0.0
data/spl/172.31.69.11/cap_00150_20180215154437,59.0,0.0,0.0,0.0,0.0
data/spl/172.31.69.11/cap_01070_20180215235517,156.0,0.0,0.0,0.0,0.0
data/spl/172.31.69.11/cap_00894_20180215222134,10.0,0.0,0.0,0.0,0.0
data/spl/172.31.69.11/cap_00258_20180215164213,186.0,0.0,0.0,0.0,0.0
data/spl/172.31.69.11/cap_00679_20180215202645,159.0,0.0,0.0,0.0,0.0
data/spl/172.31.69.11/cap_00205_20180215161357,29.0,0.0,0.0,0.0,0.0
data/spl/172.31.69.11/cap_00691_20180215203309,79.0,0.0,0.0,0.0,0.0
data/spl/172.31.69.11/cap_00660_20180215201637,60.0,0.0,0.0,0.0,0.0
data/spl/172.31.69.11/cap_00837_20180215215101,85.0,0.0,0.0,0.0,0.0
data/spl/172.31.69.11/cap_00387_20180215175101,170.0,0.0,0.0,0.0,0.0
data/spl/172.31.69.11/cap_00225_20180215162437,65.0,0.0,0.0,0.0,0.0
data/spl/172.31.69.11/cap_00075_20180215150438,92.0,0.0,0.0,0.0,0.0
data/spl/172.31.69.11/cap_00617_20180215195341,52.0,0.0,0.0,0.0,0.0
data/spl/172.31.69.11/cap_00570_20180215192839,16.0,0.0,0.0,0.0,0.0
data/spl/172.31.69.11/cap_00457_20180215182821,21.0,0.0,0.0,0.0,0.0
data/spl/172.31.69.11/cap_00051_20180215145150,124.0,0.0,0.0,0.0,0.0
data/spl/172.31.69.11/cap_00949_20180215225047,110.0,0.0,0.0,0.0,0.0
data/spl/172.31.69.11/cap_00126_20180215153152,50.0,0.0,0.0,0.0,0.0
data/spl/172.31.69.11/cap_00574_20180215193047,134.0,0.0,0.0,0.0,0.0
data/spl/172.31.69.11/cap_00926_20180215223829,109.0,0.0,0.0,0.0,0.0
data/spl/172.31.69.11/cap_00644_20180215200808,22.0,0.0,0.0,0.0,0.0
data/spl/172.31.69.11/cap_00307_20180215170822,33.0,0.0,0.0,0.0,0.0
data/spl/172.31.69.11/cap_00863_20180215220453,86.0,0.0,0.0,0.0,0.0
data/spl/172.31.69.11/cap_00997_20180215231622,41.0,0.0,0.0,0.0,0.0
data/spl/172.31.69.11/cap_00700_20180215203758,14.0,0.0,0.0,0.0,0.0
data/spl/172.31.69.11/cap_00121_20180215152909,217.0,0.0,0.0,0.0,0.0
data/spl/172.31.69.11/cap_00381_20180215174758,1436.0,0.0,0.0,0.0,0.0
data/spl/172.31.69.11/cap_00046_20180215144910,896.0,0.0,0.0,0.0,0.0
data/spl/172.31.69.11/cap_00118_20180215152742,15.0,0.0,0.0,0.0,0.0
data/spl/172.31.69.11/cap_00718_20180215204733,597.0,0.0,0.0,0.0,0.0
data/spl/172.31.69.11/cap_00993_20180215231424,19.0,0.0,0.0,0.0,0.0
data/spl/172.31.69.11/cap_00577_20180215193221,181.0,0.0,0.0,0.0,0.0
data/spl/172.31.69.11/cap_00226_20180215162509,40.0,0.0,0.0,0.0,0.0
data/spl/172.31.69.11/cap_00906_20180215222749,437.0,0.0,0.0,0.0,0.0
data/spl/172.31.69.11/cap_00236_20180215163032,67.0,0.0,0.0,0.0,0.0
data/spl/172.31.69.11/cap_00713_20180215204453,234.0,0.0,0.0,0.0,0.0
data/spl/172.31.69.11/cap_00524_20180215190407,68.0,0.0,0.0,0.0,0.0
data/spl/172.31.69.11/cap_01030_20180215233357,910.0,0.0,0.0,0.0,0.0
data/spl/172.31.69.11/cap_00302_20180215170542,85.0,0.0,0.0,0.0,0.0
data/spl/172.31.69.11/cap_00770_20180215211521,162.0,0.0,0.0,0.0,0.0
data/spl/172.31.69.11/cap_00200_20180215161117,71.0,0.0,0.0,0.0,0.0
data/spl/172.31.69.11/cap_00492_20180215184701,35.0,0.0,0.0,0.0,0.0
data/spl/172.31.69.11/cap_00871_20180215220909,78.0,0.0,0.0,0.0,0.0
data/spl/172.31.69.11/cap_01004_20180215232005,90.0,0.0,0.0,0.0,0.0
data/spl/172.31.69.11/cap_00514_20180215185845,36.0,0.0,0.0,0.0,0.0
data/spl/172.31.69.11/cap_00777_20180215211901,288.0,0.0,0.0,0.0,0.0
data/spl/172.31.69.11/cap_00484_20180215184247,33.0,0.0,0.0,0.0,0.0
data/spl/172.31.69.11/cap_00297_20180215170306,70.0,0.0,0.0,0.0,0.0
data/spl/172.31.69.11/cap_00164_20180215155205,38.0,0.0,0.0,0.0,0.0
data/spl/172.31.69.11/cap_00077_20180215150541,46.0,0.0,0.0,0.0,0.0
data/spl/172.31.69.11/cap_00228_20180215162617,87.0,0.0,0.0,0.0,0.0
data/spl/172.31.69.11/cap_00230_20180215162717,88.0,0.0,0.0,0.0,0.0
data/spl/172.31.69.11/cap_00614_20180215195206,33.0,0.0,0.0,0.0,0.0
data/spl/172.31.69.11/cap_00925_20180215223758,82.0,0.0,0.0,0.0,0.0
data/spl/172.31.69.11/cap_00572_20180215192941,1276.0,0.0,0.0,0.0,0.0
data/spl/172.31.69.11/cap_00390_20180215175242,69.0,0.0,0.0,0.0,0.0
data/spl/172.31.69.11/cap_00071_20180215150229,135.0,0.0,0.0,0.0,0.0
data/spl/172.31.69.11/cap_00968_20180215230055,49.0,0.0,0.0,0.0,0.0
data/spl/172.31.69.11/cap_00452_20180215182542,52.0,0.0,0.0,0.0,0.0
data/spl/172.31.69.11/cap_00429_20180215181326,32.0,0.0,0.0,0.0,0.0
data/spl/172.31.69.11/cap_00812_20180215213742,50.0,0.0,0.0,0.0,0.0
data/spl/172.31.69.11/cap_00763_20180215211135,148.0,0.0,0.0,0.0,0.0
data/spl/172.31.69.11/cap_01011_20180215232350,57.0,0.0,0.0,0.0,0.0
data/spl/172.31.69.11/cap_00134_20180215153605,107.0,0.0,0.0,0.0,0.0
data/spl/172.31.69.11/cap_00378_20180215174620,18.0,0.0,0.0,0.0,0.0
data/spl/172.31.69.11/cap_00984_20180215230925,86.0,0.0,0.0,0.0,0.0
data/spl/172.31.69.11/cap_00932_20180215224141,90.0,0.0,0.0,0.0,0.0
data/spl/172.31.69.11/cap_00482_20180215184141,30.0,0.0,0.0,0.0,0.0
data/spl/172.31.69.11/cap_00145_20180215154157,53.0,0.0,0.0,0.0,0.0
data/spl/172.31.69.11/cap_00023_20180215143653,45.0,0.0,0.0,0.0,0.0
data/spl/172.31.69.11/cap_00626_20180215195829,77.0,0.0,0.0,0.0,0.0
data/spl/172.31.69.11/cap_00559_20180215192245,38.0,0.0,0.0,0.0,0.0
data/spl/172.31.69.11/cap_00410_20180215180318,55.0,0.0,0.0,0.0,0.0
data/spl/172.31.69.11/cap_00117_20180215152707,21.0,0.0,0.0,0.0,0.0
data/spl/172.31.69.11/cap_00331_20180215172110,215.0,0.0,0.0,0.0,0.0
data/spl/172.31.69.11/cap_00476_20180215183829,62.0,0.0,0.0,0.0,0.0
data/spl/172.31.69.11/cap_00819_20180215214125,29.0,0.0,0.0,0.0,0.0
data/spl/172.31.69.11/cap_00398_20180215175654,34.0,0.0,0.0,0.0,0.0
data/spl/172.31.69.11/cap_00939_20180215224531,107.0,0.0,0.0,0.0,0.0
data/spl/172.31.69.11/cap_00241_20180215163309,2118.0,0.0,0.0,0.0,0.0
data/spl/172.31.69.11/cap_01037_20180215233741,626.0,0.0,0.0,0.0,0.0
data/spl/172.31.69.11/cap_00263_20180215164453,112.0,0.0,0.0,0.0,0.0
data/spl/172.31.69.11/cap_01043_20180215234053,343.0,0.0,0.0,0.0,0.0
data/spl/172.31.69.11/cap_00828_20180215214615,76.0,0.0,0.0,0.0,0.0
data/spl/172.31.69.11/cap_00030_20180215144037,152.0,0.0,0.0,0.0,0.0
data/spl/172.31.69.11/cap_00605_20180215194717,99.0,0.0,0.0,0.0,0.0
data/spl/172.31.69.11/cap_00286_20180215165709,21.0,0.0,0.0,0.0,0.0
data/spl/172.31.69.11/cap_00624_20180215195727,62.0,0.0,0.0,0.0,0.0
data/spl/172.31.69.11/cap_00376_20180215174509,18.0,0.0,0.0,0.0,0.0
data/spl/172.31.69.11/cap_00521_20180215190231,62.0,0.0,0.0,0.0,0.0
data/spl/172.31.69.11/cap_00766_20180215211310,38.0,0.0,0.0,0.0,0.0
data/spl/172.31.69.11/cap_00391_20180215175309,263.0,0.0,0.0,0.0,0.0
data/spl/172.31.69.11/cap_00422_20180215180944,26.0,0.0,0.0,0.0,0.0
data/spl/172.31.69.11/cap_01029_20180215233325,327.0,0.0,0.0,0.0,0.0
data/spl/172.31.69.11/cap_01035_20180215233637,684.0,0.0,0.0,0.0,0.0
data/spl/172.31.69.11/cap_00996_20180215231604,75.0,0.0,0.0,0.0,0.0
data/spl/172.31.69.11/cap_00534_20180215190925,18.0,0.0,0.0,0.0,0.0
data/spl/172.31.69.11/cap_00671_20180215202229,237.0,0.0,0.0,0.0,0.0
data/spl/172.31.69.11/cap_00884_20180215221606,199.0,0.0,0.0,0.0,0.0
data/spl/172.31.69.11/cap_00443_20180215182053,111.0,0.0,0.0,0.0,0.0
data/spl/172.31.69.11/cap_00348_20180215173014,109.0,0.0,0.0,0.0,0.0
data/spl/172.31.69.11/cap_00155_20180215154717,89.0,0.0,0.0,0.0,0.0
data/spl/172.31.69.11/cap_00957_20180215225501,49.0,0.0,0.0,0.0,0.0
data/spl/172.31.69.11/cap_00237_20180215163103,68.0,0.0,0.0,0.0,0.0
data/spl/172.31.69.11/cap_00125_20180215153117,23.0,0.0,0.0,0.0,0.0
data/spl/172.31.69.11/cap_00054_20180215145325,50.0,0.0,0.0,0.0,0.0
data/spl/172.31.69.11/cap_00598_20180215194333,30.0,0.0,0.0,0.0,0.0
data/spl/172.31.69.11/cap_00325_20180215171800,52.0,0.0,0.0,0.0,0.0
data/spl/172.31.69.11/cap_00271_20180215164909,32.0,0.0,0.0,0.0,0.0
data/spl/172.31.69.11/cap_00555_20180215192037,283.0,0.0,0.0,0.0,0.0
data/spl/172.31.69.11/cap_00754_20180215210646,188.0,0.0,0.0,0.0,0.0
data/spl/172.31.69.11/cap_00464_20180215183206,47.0,0.0,0.0,0.0,0.0
data/spl/172.31.69.11/cap_00319_20180215171446,200.0,0.0,0.0,0.0,0.0
data/spl/172.31.69.11/cap_00213_20180215161816,37.0,0.0,0.0,0.0,0.0
data/spl/172.31.69.11/cap_00934_20180215224245,130.0,0.0,0.0,0.0,0.0
data/spl/172.31.69.11/cap_00498_20180215185013,44.0,0.0,0.0,0.0,0.0
data/spl/172.31.69.11/cap_00132_20180215153501,237.0,0.0,0.0,0.0,0.0
data/spl/172.31.69.11/cap_00523_20180215190335,33.0,0.0,0.0,0.0,0.0
data/spl/172.31.69.11/cap_00036_20180215144351,34.0,0.0,0.0,0.0,0.0
data/spl/172.31.69.11/cap_00901_20180215222511,29.0,0.0,0.0,0.0,0.0
data/spl/172.31.69.11/cap_00967_20180215230022,187.0,0.0,0.0,0.0,0.0
data/spl/172.31.69.11/cap_00840_20180215215240,63.0,0.0,0.0,0.0,0.0
data/spl/172.31.69.11/cap_00100_20180215151800,37.0,0.0,0.0,0.0,0.0
data/spl/172.31.69.11/cap_00499_20180215185045,42.0,0.0,0.0,0.0,0.0
data/spl/172.31.69.11/cap_00385_20180215174958,225.0,0.0,0.0,0.0,0.0
data/spl/172.31.69.11/cap_00529_20180215190651,64.0,0.0,0.0,0.0,0.0
data/spl/172.31.69.11/cap_00139_20180215153845,206.0,0.0,0.0,0.0,0.0
data/spl/172.31.69.11/cap_00049_20180215145048,135.0,0.0,0.0,0.0,0.0
data/spl/172.31.69.11/cap_00493_20180215184733,141.0,0.0,0.0,0.0,0.0
data/spl/172.31.69.11/cap_00250_20180215163757,66.0,0.0,0.0,0.0,0.0
data/spl/172.31.69.11/cap_01068_20180215235414,84.0,0.0,0.0,0.0,0.0
data/spl/172.31.69.11/cap_00133_20180215153533,162.0,0.0,0.0,0.0,0.0
data/spl/172.31.69.11/cap_00323_20180215171654,46.0,0.0,0.0,0.0,0.0
data/spl/172.31.69.11/cap_00488_20180215184453,2665.0,0.0,0.0,0.0,0.0
data/spl/172.31.69.11/cap_00900_20180215222437,135.0,0.0,0.0,0.0,0.0
data/spl/172.31.69.11/cap_00973_20180215230333,35.0,0.0,0.0,0.0,0.0
data/spl/172.31.69.11/cap_00358_20180215173534,38.0,0.0,0.0,0.0,0.0
data/spl/172.31.69.11/cap_01049_20180215234405,83.0,0.0,0.0,0.0,0.0
data/spl/172.31.69.11/cap_00726_20180215205149,69.0,0.0,0.0,0.0,0.0
data/spl/172.31.69.11/cap_00010_20180215142958,388.0,0.0,0.0,0.0,0.0
data/spl/172.31.69.11/cap_00048_20180215145014,141.0,0.0,0.0,0.0,0.0
data/spl/172.31.69.11/cap_00101_20180215151830,46.0,0.0,0.0,0.0,0.0
data/spl/172.31.69.11/cap_01014_20180215232525,186.0,0.0,0.0,0.0,0.0
data/spl/172.31.69.11/cap_00673_20180215202333,50.0,0.0,0.0,0.0,0.0
data/spl/172.31.69.11/cap_00477_20180215183901,37.0,0.0,0.0,0.0,0.0
data/spl/172.31.69.11/cap_00870_20180215220841,57.0,0.0,0.0,0.0,0.0
data/spl/172.31.69.11/cap_00702_20180215203903,14.0,0.0,0.0,0.0,0.0
data/spl/172.31.69.11/cap_00657_20180215201501,79.0,0.0,0.0,0.0,0.0
data/spl/172.31.69.11/cap_00750_20180215210439,148.0,0.0,0.0,0.0,0.0
data/spl/172.31.69.11/cap_00946_20180215224910,121.0,0.0,0.0,0.0,0.0
data/spl/172.31.69.11/cap_00483_20180215184214,21.0,0.0,0.0,0.0,0.0
data/spl/172.31.69.11/cap_00634_20180215200245,45.0,0.0,0.0,0.0,0.0
data/spl/172.31.69.11/cap_00549_20180215191725,23.0,0.0,0.0,0.0,0.0
data/spl/172.31.69.11/cap_00603_20180215194615,49.0,0.0,0.0,0.0,0.0
data/spl/172.31.69.11/cap_00504_20180215185327,49.0,0.0,0.0,0.0,0.0
data/spl/172.31.69.11/cap_00872_20180215220946,142.0,0.0,0.0,0.0,0.0
data/spl/172.31.69.11/cap_01002_20180215231901,40.0,0.0,0.0,0.0,0.0
data/spl/172.31.69.11/cap_00340_20180215172558,51.0,0.0,0.0,0.0,0.0
data/spl/172.31.69.11/cap_00137_20180215153741,1576.0,0.0,0.0,0.0,0.0
data/spl/172.31.69.11/cap_00554_20180215192011,49.0,0.0,0.0,0.0,0.0
data/spl/172.31.69.11/cap_00364_20180215173845,44.0,0.0,0.0,0.0,0.0
data/spl/172.31.69.11/cap_00875_20180215221117,23.0,0.0,0.0,0.0,0.0
data/spl/172.31.69.11/cap_00379_20180215174648,59.0,0.0,0.0,0.0,0.0
data/spl/172.31.69.11/cap_00116_20180215152629,49.0,0.0,0.0,0.0,0.0
data/spl/172.31.69.11/cap_00194_20180215160805,201.0,0.0,0.0,0.0,0.0
data/spl/172.31.69.11/cap_00308_20180215170855,46.0,0.0,0.0,0.0,0.0
data/spl/172.31.69.11/cap_00688_20180215203133,125.0,0.0,0.0,0.0,0.0
data/spl/172.31.69.11/cap_00565_20180215192558,50.0,0.0,0.0,0.0,0.0
data/spl/172.31.69.11/cap_00585_20180215193637,34.0,0.0,0.0,0.0,0.0
data/spl/172.31.69.11/cap_00083_20180215150853,54.0,0.0,0.0,0.0,0.0
data/spl/172.31.69.11/cap_00363_20180215173815,68.0,0.0,0.0,0.0,0.0
data/spl/172.31.69.11/cap_01001_20180215231829,137.0,0.0,0.0,0.0,0.0
data/spl/172.31.69.11/cap_00082_20180215150821,122.0,0.0,0.0,0.0,0.0
data/spl/172.31.69.11/cap_00604_20180215194647,103.0,0.0,0.0,0.0,0.0
data/spl/172.31.69.11/cap_00360_20180215173637,29.0,0.0,0.0,0.0,0.0
data/spl/172.31.69.11/cap_00588_20180215193813,68.0,0.0,0.0,0.0,0.0
data/spl/172.31.69.11/cap_00078_20180215150613,39.0,0.0,0.0,0.0,0.0
data/spl/172.31.69.11/cap_00744_20180215210128,119.0,0.0,0.0,0.0,0.0
data/spl/172.31.69.11/cap_00351_20180215173150,522.0,0.0,0.0,0.0,0.0
data/spl/172.31.69.11/cap_00106_20180215152109,52.0,0.0,0.0,0.0,0.0
data/spl/172.31.69.11/cap_00584_20180215193605,19.0,0.0,0.0,0.0,0.0
data/spl/172.31.69.11/cap_00815_20180215213922,21.0,0.0,0.0,0.0,0.0
data/spl/172.31.69.11/cap_00437_20180215181741,2951.0,0.0,0.0,0.0,0.0
data/spl/172.31.69.11/cap_00515_20180215185917,31.0,0.0,0.0,0.0,0.0
data/spl/172.31.69.11/cap_00795_20180215212837,169.0,0.0,0.0,0.0,0.0
data/spl/172.31.69.11/cap_00633_20180215200214,11.0,0.0,0.0,0.0,0.0
data/spl/172.31.69.11/cap_00204_20180215161326,108.0,0.0,0.0,0.0,0.0
data/spl/172.31.69.11/cap_00879_20180215221326,107.0,0.0,0.0,0.0,0.0
data/spl/172.31.69.11/cap_00571_20180215192913,49.0,0.0,0.0,0.0,0.0
data/spl/172.31.69.11/cap_00600_20180215194438,55.0,0.0,0.0,0.0,0.0
data/spl/172.31.69.11/cap_00094_20180215151446,37.0,0.0,0.0,0.0,0.0
data/spl/172.31.69.11/cap_00642_20180215200704,15.0,0.0,0.0,0.0,0.0
data/spl/172.31.69.11/cap_00586_20180215193709,42.0,0.0,0.0,0.0,0.0
data/spl/172.31.69.11/cap_00631_20180215200111,16.0,0.0,0.0,0.0,0.0
data/spl/172.31.69.11/cap_00330_20180215172039,78.0,0.0,0.0,0.0,0.0
data/spl/172.31.69.11/cap_00059_20180215145606,37.0,0.0,0.0,0.0,0.0
data/spl/172.31.69.11/cap_00004_20180215142645,58.0,0.0,0.0,0.0,0.0
data/spl/172.31.69.11/cap_00212_20180215161741,39.0,0.0,0.0,0.0,0.0
data/spl/172.31.69.11/cap_00753_20180215210616,204.0,0.0,0.0,0.0,0.0
data/spl/172.31.69.11/cap_00947_20180215224941,114.0,0.0,0.0,0.0,0.0
data/spl/172.31.69.11/cap_00169_20180215155445,77.0,0.0,0.0,0.0,0.0
data/spl/172.31.69.11/cap_00268_20180215164733,206.0,0.0,0.0,0.0,0.0
data/spl/172.31.69.11/cap_00546_20180215191552,30.0,0.0,0.0,0.0,0.0
data/spl/172.31.69.11/cap_00207_20180215161501,76.0,0.0,0.0,0.0,0.0
data/spl/172.31.69.11/cap_00091_20180215151310,55.0,0.0,0.0,0.0,0.0
data/spl/172.31.69.11/cap_00933_20180215224213,78.0,0.0,0.0,0.0,0.0
data/spl/172.31.69.11/cap_00375_20180215174437,47.0,0.0,0.0,0.0,0.0
data/spl/172.31.69.11/cap_00583_20180215193534,49.0,0.0,0.0,0.0,0.0
data/spl/172.31.69.11/cap_00238_20180215163133,42.0,0.0,0.0,0.0,0.0
data/spl/172.31.69.11/cap_00093_20180215151415,40.0,0.0,0.0,0.0,0.0
data/spl/172.31.69.11/cap_00185_20180215160319,61.0,0.0,0.0,0.0,0.0
data/spl/172.31.69.11/cap_00025_20180215143757,361.0,0.0,0.0,0.0,0.0
data/spl/172.31.69.11/cap_00904_20180215222647,134.0,0.0,0.0,0.0,0.0
data/spl/172.31.69.11/cap_00542_20180215191342,53.0,0.0,0.0,0.0,0.0
data/spl/172.31.69.11/cap_00445_20180215182200,38.0,0.0,0.0,0.0,0.0
data/spl/172.31.69.11/cap_00403_20180215175933,162.0,0.0,0.0,0.0,0.0
data/spl/172.31.69.11/cap_00103_20180215151933,56.0,0.0,0.0,0.0,0.0
data/spl/172.31.69.11/cap_00377_20180215174544,30.0,0.0,0.0,0.0,0.0
data/spl/172.31.69.11/cap_00135_20180215153639,125.0,0.0,0.0,0.0,0.0
data/spl/172.31.69.11/cap_00253_20180215163933,71.0,0.0,0.0,0.0,0.0
data/spl/172.31.69.11/cap_00692_20180215203344,1305.0,0.0,0.0,0.0,0.0
data/spl/172.31.69.11/cap_00338_20180215172453,226.0,0.0,0.0,0.0,0.0
data/spl/172.31.69.11/cap_01058_20180215234853,68.0,0.0,0.0,0.0,0.0
data/spl/172.31.69.11/cap_00102_20180215151902,51.0,0.0,0.0,0.0,0.0
data/spl/172.31.69.11/cap_00749_20180215210405,118.0,0.0,0.0,0.0,0.0
data/spl/172.31.69.11/cap_00146_20180215154231,78.0,0.0,0.0,0.0,0.0
data/spl/172.31.69.11/cap_00703_20180215203934,83.0,0.0,0.0,0.0,0.0
data/spl/172.31.69.11/cap_00881_20180215221432,59.0,0.0,0.0,0.0,0.0
data/spl/172.31.69.11/cap_00092_20180215151341,65.0,0.0,0.0,0.0,0.0
data/spl/172.31.69.11/cap_00937_20180215224421,37.0,0.0,0.0,0.0,0.0
data/spl/172.31.69.11/cap_00732_20180215205506,105.0,0.0,0.0,0.0,0.0
data/spl/172.31.69.11/cap_00159_20180215154925,61.0,0.0,0.0,0.0,0.0
data/spl/172.31.69.11/cap_00426_20180215181150,43.0,0.0,0.0,0.0,0.0
data/spl/172.31.69.11/cap_00029_20180215144005,105.0,0.0,0.0,0.0,0.0
data/spl/172.31.69.11/cap_00315_20180215171237,92.0,0.0,0.0,0.0,0.0
data/spl/172.31.69.11/cap_00293_20180215170103,20.0,0.0,0.0,0.0,0.0
data/spl/172.31.69.11/cap_00115_20180215152558,19.0,0.0,0.0,0.0,0.0
data/spl/172.31.69.11/cap_00295_20180215170158,49.0,0.0,0.0,0.0,0.0
data/spl/172.31.69.11/cap_00715_20180215204557,277.0,0.0,0.0,0.0,0.0
data/spl/172.31.69.11/cap_01016_20180215232635,45.0,0.0,0.0,0.0,0.0
data/spl/172.31.69.11/cap_00663_20180215201813,82.0,0.0,0.0,0.0,0.0
data/spl/172.31.69.11/cap_00267_20180215164701,634.0,0.0,0.0,0.0,0.0
data/spl/172.31.69.11/cap_00261_20180215164349,74.0,0.0,0.0,0.0,0.0
data/spl/172.31.69.11/cap_00712_20180215204430,135.0,0.0,0.0,0.0,0.0
data/spl/172.31.69.11/cap_00386_20180215175030,55.0,0.0,0.0,0.0,0.0
data/spl/172.31.69.11/cap_00151_20180215154510,121.0,0.0,0.0,0.0,0.0
data/spl/172.31.69.11/cap_00581_20180215193429,128.0,0.0,0.0,0.0,0.0
data/spl/172.31.69.11/cap_00896_20180215222235,243.0,0.0,0.0,0.0,0.0
data/spl/172.31.69.11/cap_00489_20180215184526,241.0,0.0,0.0,0.0,0.0
data/spl/172.31.69.11/cap_01069_20180215235445,97.0,0.0,0.0,0.0,0.0
data/spl/172.31.69.11/cap_00195_20180215160837,57.0,0.0,0.0,0.0,0.0
data/spl/172.31.69.11/cap_00416_20180215180631,72.0,0.0,0.0,0.0,0.0
data/spl/172.31.69.11/cap_00541_20180215191311,52.0,0.0,0.0,0.0,0.0
data/spl/172.31.69.11/cap_00556_20180215192109,50.0,0.0,0.0,0.0,0.0
data/spl/172.31.69.11/cap_00852_20180215215901,28.0,0.0,0.0,0.0,0.0
data/spl/172.31.69.11/cap_00287_20180215165741,46.0,0.0,0.0,0.0,0.0
data/spl/172.31.69.11/cap_00014_20180215143205,26.0,0.0,0.0,0.0,0.0
data/spl/172.31.69.11/cap_01018_20180215232736,65.0,0.0,0.0,0.0,0.0
data/spl/172.31.69.11/cap_00469_20180215183445,53.0,0.0,0.0,0.0,0.0
data/spl/172.31.69.11/cap_00141_20180215153949,54.0,0.0,0.0,0.0,0.0
data/spl/172.31.69.11/cap_00817_20180215214021,57.0,0.0,0.0,0.0,0.0
data/spl/172.31.69.11/cap_00161_20180215155030,1223.0,0.0,0.0,0.0,0.0
data/spl/172.31.69.11/cap_00561_20180215192349,60.0,0.0,0.0,0.0,0.0
data/spl/172.31.69.11/cap_00956_20180215225429,39.0,0.0,0.0,0.0,0.0
data/spl/172.31.69.11/cap_00326_20180215171829,1620.0,0.0,0.0,0.0,0.0
data/spl/172.31.69.11/cap_01072_20180215235621,105.0,0.0,0.0,0.0,0.0
data/spl/172.31.69.11/cap_00020_20180215143517,164.0,0.0,0.0,0.0,0.0
data/spl/172.31.69.11/cap_00022_20180215143621,126.0,0.0,0.0,0.0,0.0
data/spl/172.31.69.11/cap_00985_20180215231001,24.0,0.0,0.0,0.0,0.0
data/spl/172.31.69.11/cap_00782_20180215212142,169.0,0.0,0.0,0.0,0.0
data/spl/172.31.69.11/cap_00873_20180215221013,90.0,0.0,0.0,0.0,0.0
data/spl/172.31.69.11/cap_00306_20180215170749,43.0,0.0,0.0,0.0,0.0
data/spl/172.31.69.11/cap_00982_20180215230825,78.0,0.0,0.0,0.0,0.0
data/spl/172.31.69.11/cap_00040_20180215144557,82.0,0.0,0.0,0.0,0.0
data/spl/172.31.69.11/cap_00414_20180215180525,129.0,0.0,0.0,0.0,0.0
data/spl/172.31.69.11/cap_00564_20180215192525,18.0,0.0,0.0,0.0,0.0
data/spl/172.31.69.11/cap_00044_20180215144805,87.0,0.0,0.0,0.0,0.0
data/spl/172.31.69.11/cap_00945_20180215224839,359.0,0.0,0.0,0.0,0.0
data/spl/172.31.69.11/cap_00336_20180215172350,267.0,0.0,0.0,0.0,0.0
data/spl/172.31.69.11/cap_00942_20180215224702,41.0,0.0,0.0,0.0,0.0
data/spl/172.31.69.11/cap_00775_20180215211757,184.0,0.0,0.0,0.0,0.0
data/spl/172.31.69.11/cap_00685_20180215202957,157.0,0.0,0.0,0.0,0.0
data/spl/172.31.69.11/cap_00305_20180215170717,33.0,0.0,0.0,0.0,0.0
data/spl/172.31.69.11/cap_00012_20180215143101,38.0,0.0,0.0,0.0,0.0
data/spl/172.31.69.11/cap_00041_20180215144629,54.0,0.0,0.0,0.0,0.0
data/spl/172.31.69.11/cap_00097_20180215151621,50.0,0.0,0.0,0.0,0.0
data/spl/172.31.69.11/cap_00270_20180215164840,60.0,0.0,0.0,0.0,0.0
data/spl/172.31.69.11/cap_00666_20180215201953,60.0,0.0,0.0,0.0,0.0
data/spl/172.31.69.11/cap_00346_20180215172909,146.0,0.0,0.0,0.0,0.0
data/spl/172.31.69.11/cap_00500_20180215185117,42.0,0.0,0.0,0.0,0.0
data/spl/172.31.69.11/cap_00643_20180215200736,7.0,0.0,0.0,0.0,0.0
data/spl/172.31.69.11/cap_00372_20180215174304,59.0,0.0,0.0,0.0,0.0
data/spl/172.31.69.11/cap_00384_20180215174925,181.0,0.0,0.0,0.0,0.0
data/spl/172.31.69.11/cap_01000_20180215231758,84.0,0.0,0.0,0.0,0.0
data/spl/172.31.69.11/cap_00359_20180215173605,87.0,0.0,0.0,0.0,0.0
data/spl/172.31.69.11/cap_00039_20180215144526,221.0,0.0,0.0,0.0,0.0
data/spl/172.31.69.11/cap_00413_20180215180453,61.0,0.0,0.0,0.0,0.0
data/spl/172.31.69.11/cap_00658_20180215201533,87.0,0.0,0.0,0.0,0.0
data/spl/172.31.69.11/cap_00210_20180215161637,32.0,0.0,0.0,0.0,0.0
data/spl/172.31.69.11/cap_00486_20180215184351,31.0,0.0,0.0,0.0,0.0
data/spl/172.31.69.11/cap_00651_20180215201149,123.0,0.0,0.0,0.0,0.0
data/spl/172.31.69.11/cap_00940_20180215224603,76.0,0.0,0.0,0.0,0.0
data/spl/172.31.69.11/cap_00294_20180215170125,64.0,0.0,0.0,0.0,0.0
data/spl/172.31.69.11/cap_00538_20180215191133,289.0,0.0,0.0,0.0,0.0
data/spl/172.31.69.11/cap_00948_20180215225014,81.0,0.0,0.0,0.0,0.0
data/spl/172.31.69.11/cap_00219_20180215162125,115.0,0.0,0.0,0.0,0.0
data/spl/172.31.69.11/cap_00855_20180215220038,221.0,0.0,0.0,0.0,0.0
data/spl/172.31.69.11/cap_00317_20180215171341,67.0,0.0,0.0,0.0,0.0
data/spl/172.31.69.11/cap_00953_20180215225256,21.0,0.0,0.0,0.0,0.0
data/spl/172.31.69.11/cap_00208_20180215161533,77.0,0.0,0.0,0.0,0.0
data/spl/172.31.69.11/cap_00417_20180215180701,128.0,0.0,0.0,0.0,0.0
data/spl/172.31.69.11/cap_00557_20180215192141,46.0,0.0,0.0,0.0,0.0
data/spl/172.31.69.11/cap_00638_20180215200454,17.0,0.0,0.0,0.0,0.0
data/spl/172.31.69.11/cap_00930_20180215224037,45.0,0.0,0.0,0.0,0.0
data/spl/172.31.69.11/cap_00108_20180215152213,91.0,0.0,0.0,0.0,0.0
data/spl/172.31.69.11/cap_00191_20180215160629,1258.0,0.0,0.0,0.0,0.0
data/spl/172.31.69.11/cap_00290_20180215165917,31.0,0.0,0.0,0.0,0.0
data/spl/172.31.69.11/cap_00382_20180215174821,360.0,0.0,0.0,0.0,0.0
data/spl/172.31.69.11/cap_00820_20180215214157,34.0,0.0,0.0,0.0,0.0
data/spl/172.31.69.11/cap_00950_20180215225118,374.0,0.0,0.0,0.0,0.0
data/spl/172.31.69.11/cap_00864_20180215220527,16.0,0.0,0.0,0.0,0.0
data/spl/172.31.69.11/cap_00404_20180215180005,135.0,0.0,0.0,0.0,0.0
data/spl/172.31.69.11/cap_00162_20180215155101,1243.0,0.0,0.0,0.0,0.0
data/spl/172.31.69.11/cap_00664_20180215201846,63.0,0.0,0.0,0.0,0.0
data/spl/172.31.69.11/cap_00062_20180215145741,288.0,0.0,0.0,0.0,0.0
data/spl/172.31.69.11/cap_00033_20180215144214,83.0,0.0,0.0,0.0,0.0
data/spl/172.31.69.11/cap_00465_20180215183242,37.0,0.0,0.0,0.0,0.0
data/spl/172.31.69.11/cap_00350_20180215173118,40.0,0.0,0.0,0.0,0.0
data/spl/172.31.69.11/cap_00798_20180215213013,181.0,0.0,0.0,0.0,0.0
data/spl/172.31.69.11/cap_00160_20180215155000,69.0,0.0,0.0,0.0,0.0
data/spl/172.31.69.11/cap_00843_20180215215416,39.0,0.0,0.0,0.0,0.0
data/spl/172.31.69.11/cap_00328_20180215171933,233.0,0.0,0.0,0.0,0.0
data/spl/172.31.69.11/cap_00130_20180215153359,111.0,0.0,0.0,0.0,0.0
data/spl/172.31.69.11/cap_00919_20180215223445,53.0,0.0,0.0,0.0,0.0
data/spl/172.31.69.11/cap_00560_20180215192318,46.0,0.0,0.0,0.0,0.0
data/spl/172.31.69.11/cap_00708_20180215204216,77.0,0.0,0.0,0.0,0.0
data/spl/172.31.69.11/cap_00303_20180215170613,77.0,0.0,0.0,0.0,0.0
data/spl/172.31.69.11/cap_00037_20180215144421,90.0,0.0,0.0,0.0,0.0
data/spl/172.31.69.11/cap_00802_20180215213222,353.0,0.0,0.0,0.0,0.0
data/spl/172.31.69.11/cap_00927_20180215223901,180.0,0.0,0.0,0.0,0.0
data/spl/172.31.69.11/cap_00243_20180215163413,343.0,0.0,0.0,0.0,0.0
data/spl/172.31.69.11/cap_00337_20180215172423,189.0,0.0,0.0,0.0,0.0
data/spl/172.31.69.11/cap_00736_20180215205711,147.0,0.0,0.0,0.0,0.0
data/spl/172.31.69.11/cap_01028_20180215233253,1935.0,0.0,0.0,0.0,0.0
data/spl/172.31.69.11/cap_00065_20180215145920,56.0,0.0,0.0,0.0,0.0
data/spl/172.31.69.11/cap_00089_20180215151206,33.0,0.0,0.0,0.0,0.0
data/spl/172.31.69.11/cap_00907_20180215222821,416.0,0.0,0.0,0.0,0.0
data/spl/172.31.69.11/cap_00362_20180215173741,75.0,0.0,0.0,0.0,0.0
data/spl/172.31.69.11/cap_00992_20180215231341,13.0,0.0,0.0,0.0,0.0
data/spl/172.31.69.11/cap_00487_20180215184421,35.0,0.0,0.0,0.0,0.0
data/spl/172.31.69.11/cap_01045_20180215234157,270.0,0.0,0.0,0.0,0.0
data/spl/172.31.69.11/cap_00891_20180215221950,117.0,0.0,0.0,0.0,0.0
data/spl/172.31.69.11/cap_00496_20180215184909,19.0,0.0,0.0,0.0,0.0
data/spl/172.31.69.11/cap_00699_20180215203727,8.0,0.0,0.0,0.0,0.0
data/spl/172.31.69.11/cap_00098_20180215151654,61.0,0.0,0.0,0.0,0.0
data/spl/172.31.69.11/cap_00729_20180215205326,41.0,0.0,0.0,0.0,0.0
data/spl/172.31.69.11/cap_00977_20180215230546,54.0,0.0,0.0,0.0,0.0
data/spl/172.31.69.11/cap_00374_20180215174405,33.0,0.0,0.0,0.0,0.0
data/spl/172.31.69.11/cap_00367_20180215174022,47.0,0.0,0.0,0.0,0.0
data/spl/172.31.69.11/cap_00143_20180215154054,55.0,0.0,0.0,0.0,0.0
data/spl/172.31.69.11/cap_01036_20180215233709,648.0,0.0,0.0,0.0,0.0
data/spl/172.31.69.11/cap_00765_20180215211239,38.0,0.0,0.0,0.0,0.0
data/spl/172.31.69.11/cap_00970_20180215230158,56.0,0.0,0.0,0.0,0.0
data/spl/172.31.69.11/cap_00893_20180215222054,51.0,0.0,0.0,0.0,0.0
data/spl/172.31.69.11/cap_00003_20180215142614,119.0,0.0,0.0,0.0,0.0
data/spl/172.31.69.11/cap_00887_20180215221741,114.0,0.0,0.0,0.0,0.0
data/spl/172.31.69.11/cap_00177_20180215155901,352.0,0.0,0.0,0.0,0.0
data/spl/172.31.69.11/cap_00531_20180215190753,30.0,0.0,0.0,0.0,0.0
data/spl/172.31.69.11/cap_00576_20180215193150,122.0,0.0,0.0,0.0,0.0
data/spl/172.31.69.11/cap_00112_20180215152422,34.0,0.0,0.0,0.0,0.0
data/spl/172.31.69.11/cap_00740_20180215205917,104.0,0.0,0.0,0.0,0.0
data/spl/172.31.69.11/cap_00530_20180215190717,15.0,0.0,0.0,0.0,0.0
data/spl/172.31.69.11/cap_00989_20180215231209,39.0,0.0,0.0,0.0,0.0
data/spl/172.31.69.11/cap_00063_20180215145813,253.0,0.0,0.0,0.0,0.0
data/spl/172.31.69.11/cap_00710_20180215204317,65.0,0.0,0.0,0.0,0.0
data/spl/172.31.69.11/cap_00866_20180215220639,30.0,0.0,0.0,0.0,0.0
data/spl/172.31.69.11/cap_00975_20180215230438,74.0,0.0,0.0,0.0,0.0
data/spl/172.31.69.11/cap_00424_20180215181045,24.0,0.0,0.0,0.0,0.0
data/spl/172.31.69.11/cap_00805_20180215213358,47.0,0.0,0.0,0.0,0.0
data/spl/172.31.69.11/cap_00776_20180215211830,133.0,0.0,0.0,0.0,0.0
data/spl/172.31.69.11/cap_00877_20180215221228,69.0,0.0,0.0,0.0,0.0
data/spl/172.31.69.11/cap_00481_20180215184109,33.0,0.0,0.0,0.0,0.0
data/spl/172.31.69.11/cap_00428_20180215181253,46.0,0.0,0.0,0.0,0.0
data/spl/172.31.69.11/cap_01066_20180215235309,126.0,0.0,0.0,0.0,0.0
data/spl/172.31.69.11/cap_00649_20180215201047,155.0,0.0,0.0,0.0,0.0
data/spl/172.31.69.11/cap_00861_20180215220349,221.0,0.0,0.0,0.0,0.0
data/spl/172.31.69.11/cap_00024_20180215143727,2875.0,0.0,0.0,0.0,0.0
data/spl/172.31.69.11/cap_00017_20180215143341,1362.0,0.0,0.0,0.0,0.0
data/spl/172.31.69.11/cap_00239_20180215163211,19.0,0.0,0.0,0.0,0.0
data/spl/172.31.69.11/cap_00430_20180215181358,86.0,0.0,0.0,0.0,0.0
data/spl/172.31.69.11/cap_00917_20180215223343,122.0,0.0,0.0,0.0,0.0
data/spl/172.31.69.11/cap_00544_20180215191445,68.0,0.0,0.0,0.0,0.0
data/spl/172.31.69.11/cap_00883_20180215221533,478.0,0.0,0.0,0.0,0.0
data/spl/172.31.69.11/cap_00246_20180215163553,23.0,0.0,0.0,0.0,0.0
data/spl/172.31.69.11/cap_00090_20180215151238,37.0,0.0,0.0,0.0,0.0
data/spl/172.31.69.11/cap_00578_20180215193253,33.0,0.0,0.0,0.0,0.0
data/spl/172.31.69.11/cap_00357_20180215173503,51.0,0.0,0.0,0.0,0.0
data/spl/172.31.69.11/cap_00832_20180215214825,83.0,0.0,0.0,0.0,0.0
data/spl/172.31.69.11/cap_00324_20180215171726,15.0,0.0,0.0,0.0,0.0
data/spl/172.31.69.11/cap_00955_20180215225404,29.0,0.0,0.0,0.0,0.0
data/spl/172.31.69.11/cap_00420_20180215180842,21.0,0.0,0.0,0.0,0.0
data/spl/172.31.69.11/cap_00723_20180215205013,106.0,0.0,0.0,0.0,0.0
data/spl/172.31.69.11/cap_00472_20180215183621,28.0,0.0,0.0,0.0,0.0
data/spl/172.31.69.11/cap_00799_20180215213045,261.0,0.0,0.0,0.0,0.0
data/spl/172.31.69.11/cap_00109_20180215152245,58.0,0.0,0.0,0.0,0.0
data/spl/172.31.69.11/cap_00886_20180215221711,89.0,0.0,0.0,0.0,0.0
data/spl/172.31.69.11/cap_00558_20180215192213,24.0,0.0,0.0,0.0,0.0
data/spl/172.31.69.11/cap_01040_20180215233917,311.0,0.0,0.0,0.0,0.0
data/spl/172.31.69.11/cap_00056_20180215145430,33.0,0.0,0.0,0.0,0.0
data/spl/172.31.69.11/cap_00860_20180215220317,103.0,0.0,0.0,0.0,0.0
data/spl/172.31.69.11/cap_00309_20180215170925,582.0,0.0,0.0,0.0,0.0
data/spl/172.31.69.11/cap_00880_20180215221357,89.0,0.0,0.0,0.0,0.0
data/spl/172.31.69.11/cap_00827_20180215214542,49.0,0.0,0.0,0.0,0.0
data/spl/172.31.69.11/cap_00730_20180215205404,22.0,0.0,0.0,0.0,0.0
data/spl/172.31.69.11/cap_00434_20180215181605,33.0,0.0,0.0,0.0,0.0
data/spl/172.31.69.11/cap_00800_20180215213117,687.0,0.0,0.0,0.0,0.0
data/spl/172.31.69.11/cap_00157_20180215154823,58.0,0.0,0.0,0.0,0.0
data/spl/172.31.69.11/cap_00052_20180215145221,109.0,0.0,0.0,0.0,0.0
data/spl/172.31.69.11/cap_00383_20180215174853,215.0,0.0,0.0,0.0,0.0
data/spl/172.31.69.11/cap_00818_20180215214100,43.0,0.0,0.0,0.0,0.0
data/spl/172.31.69.11/cap_00814_20180215213846,31.0,0.0,0.0,0.0,0.0
data/spl/172.31.69.11/cap_00661_20180215201709,283.0,0.0,0.0,0.0,0.0
data/spl/172.31.69.11/cap_00407_20180215180144,107.0,0.0,0.0,0.0,0.0
data/spl/172.31.69.11/cap_00252_20180215163901,36.0,0.0,0.0,0.0,0.0
data/spl/172.31.69.11/cap_00333_20180215172215,49.0,0.0,0.0,0.0,0.0
data/spl/172.31.69.11/cap_00110_20180215152320,16.0,0.0,0.0,0.0,0.0
data/spl/172.31.69.11/cap_01038_20180215233813,384.0,0.0,0.0,0.0,0.0
data/spl/172.31.69.11/cap_01047_20180215234301,187.0,0.0,0.0,0.0,0.0
data/spl/172.31.69.11/cap_00850_20180215215757,68.0,0.0,0.0,0.0,0.0
data/spl/172.31.69.11/cap_00690_20180215203239,54.0,0.0,0.0,0.0,0.0
data/spl/172.31.69.11/cap_00961_20180215225709,104.0,0.0,0.0,0.0,0.0
data/spl/172.31.69.11/cap_00719_20180215204805,126.0,0.0,0.0,0.0,0.0
data/spl/172.31.69.11/cap_00511_20180215185711,17.0,0.0,0.0,0.0,0.0
data/spl/172.31.69.11/cap_00140_20180215153918,260.0,0.0,0.0,0.0,0.0
data/spl/172.31.69.11/cap_00031_20180215144109,213.0,0.0,0.0,0.0,0.0
data/spl/172.31.69.11/cap_00720_20180215204837,328.0,0.0,0.0,0.0,0.0
data/spl/172.31.69.11/cap_00276_20180215165149,47.0,0.0,0.0,0.0,0.0
data/spl/172.31.69.11/cap_00189_20180215160525,24.0,0.0,0.0,0.0,0.0
data/spl/172.31.69.11/cap_00366_20180215173950,125.0,0.0,0.0,0.0,0.0
data/spl/172.31.69.11/cap_00470_20180215183517,30.0,0.0,0.0,0.0,0.0
data/spl/172.31.69.11/cap_00009_20180215142925,49.0,0.0,0.0,0.0,0.0
data/spl/172.31.69.11/cap_00123_20180215153013,99.0,0.0,0.0,0.0,0.0
data/spl/172.31.69.11/cap_00540_20180215191237,93.0,0.0,0.0,0.0,0.0
data/spl/172.31.69.11/cap_00349_20180215173045,44.0,0.0,0.0,0.0,0.0
data/spl/172.31.69.11/cap_01073_20180215235653,59.0,0.0,0.0,0.0,0.0
data/spl/172.31.69.11/cap_00176_20180215155829,52.0,0.0,0.0,0.0,0.0
data/spl/172.31.69.11/cap_00247_20180215163622,181.0,0.0,0.0,0.0,0.0
data/spl/172.31.69.11/cap_00431_20180215181430,16.0,0.0,0.0,0.0,0.0
data/spl/172.31.69.11/cap_00760_20180215210957,171.0,0.0,0.0,0.0,0.0
data/spl/172.31.69.11/cap_00088_20180215151133,63.0,0.0,0.0,0.0,0.0
data/spl/172.31.69.11/cap_00232_20180215162824,19.0,0.0,0.0,0.0,0.0
data/spl/172.31.69.11/cap_00912_20180215223105,108.0,0.0,0.0,0.0,0.0
data/spl/172.31.69.11/cap_00807_20180215213502,152.0,0.0,0.0,0.0,0.0
data/spl/172.31.69.11/cap_00517_20180215190021,52.0,0.0,0.0,0.0,0.0
data/spl/172.31.69.11/cap_00148_20180215154333,55.0,0.0,0.0,0.0,0.0
data/spl/172.31.69.11/cap_00520_20180215190158,21.0,0.0,0.0,0.0,0.0
data/spl/172.31.69.11/cap_00725_20180215205118,100.0,0.0,0.0,0.0,0.0
data/spl/172.31.69.11/cap_00580_20180215193357,103.0,0.0,0.0,0.0,0.0
data/spl/172.31.69.11/cap_00187_20180215160424,90.0,0.0,0.0,0.0,0.0
data/spl/172.31.69.11/cap_00446_20180215182229,29.0,0.0,0.0,0.0,0.0
data/spl/172.31.69.11/cap_01074_20180215235733,1896.0,0.0,0.0,0.0,0.0
data/spl/172.31.69.11/cap_00527_20180215190543,65.0,0.0,0.0,0.0,0.0
data/spl/172.31.69.11/cap_00670_20180215202157,285.0,0.0,0.0,0.0,0.0
data/spl/172.31.69.11/cap_00369_20180215174126,26.0,0.0,0.0,0.0,0.0
data/spl/172.31.69.11/cap_00591_20180215193949,83.0,0.0,0.0,0.0,0.0
data/spl/172.31.69.11/cap_00184_20180215160248,25.0,0.0,0.0,0.0,0.0
data/spl/172.31.69.11/cap_00035_20180215144317,54.0,0.0,0.0,0.0,0.0
data/spl/172.31.69.11/cap_00310_20180215170957,132.0,0.0,0.0,0.0,0.0
data/spl/172.31.69.11/cap_00453_20180215182614,21.0,0.0,0.0,0.0,0.0
data/spl/172.31.69.11/cap_00352_20180215173221,87.0,0.0,0.0,0.0,0.0
data/spl/172.31.69.11/cap_00081_20180215150749,56.0,0.0,0.0,0.0,0.0
data/spl/172.31.69.11/cap_00171_20180215155551,753.0,0.0,0.0,0.0,0.0
data/spl/172.31.69.11/cap_00283_20180215165533,30.0,0.0,0.0,0.0,0.0
data/spl/172.31.69.11/cap_01015_20180215232600,32.0,0.0,0.0,0.0,0.0
data/spl/172.31.69.11/cap_00196_20180215160909,134.0,0.0,0.0,0.0,0.0
data/spl/172.31.69.11/cap_00172_20180215155623,50.0,0.0,0.0,0.0,0.0
data/spl/172.31.69.11/cap_00291_20180215165949,70.0,0.0,0.0,0.0,0.0
data/spl/172.31.69.11/cap_00519_20180215190125,44.0,0.0,0.0,0.0,0.0
data/spl/172.31.69.11/cap_00536_20180215191029,43.0,0.0,0.0,0.0,0.0
data/spl/172.31.69.11/cap_00456_20180215182752,73.0,0.0,0.0,0.0,0.0
data/spl/172.31.69.11/cap_01005_20180215232039,43.0,0.0,0.0,0.0,0.0
data/spl/172.31.69.11/cap_00197_20180215160941,54.0,0.0,0.0,0.0,0.0
data/spl/172.31.69.11/cap_00256_20180215164110,204.0,0.0,0.0,0.0,0.0
data/spl/172.31.69.11/cap_00327_20180215171901,188.0,0.0,0.0,0.0,0.0
data/spl/172.31.69.11/cap_00662_20180215201743,56.0,0.0,0.0,0.0,0.0
data/spl/172.31.69.11/cap_00772_20180215211624,158.0,0.0,0.0,0.0,0.0
data/spl/172.31.69.11/cap_00214_20180215161846,66.0,0.0,0.0,0.0,0.0
data/spl/172.31.69.11/cap_00656_20180215201430,114.0,0.0,0.0,0.0,0.0
data/spl/172.31.69.11/cap_01023_20180215233020,52.0,0.0,0.0,0.0,0.0
data/spl/172.31.69.11/cap_00747_20180215210301,268.0,0.0,0.0,0.0,0.0
data/spl/172.31.69.11/cap_00757_20180215210822,421.0,0.0,0.0,0.0,0.0
data/spl/172.31.69.11/cap_00645_20180215200854,2.0,0.0,0.0,0.0,0.0
data/spl/172.31.69.11/cap_00923_20180215223653,247.0,0.0,0.0,0.0,0.0
data/spl/172.31.69.11/cap_00318_20180215171414,97.0,0.0,0.0,0.0,0.0
data/spl/172.31.69.11/cap_00099_20180215151725,54.0,0.0,0.0,0.0,0.0
data/spl/172.31.69.11/cap_00313_20180215171133,80.0,0.0,0.0,0.0,0.0
data/spl/172.31.69.11/cap_00170_20180215155518,54.0,0.0,0.0,0.0,0.0
data/spl/172.31.69.11/cap_00421_20180215180910,96.0,0.0,0.0,0.0,0.0
data/spl/172.31.69.11/cap_00998_20180215231654,14.0,0.0,0.0,0.0,0.0
data/spl/172.31.69.11/cap_00000_20180215142437,681.0,0.0,0.0,0.0,0.0
data/spl/172.31.69.11/cap_00274_20180215165046,70.0,0.0,0.0,0.0,0.0
data/spl/172.31.69.11/cap_00221_20180215162230,163.0,0.0,0.0,0.0,0.0
data/spl/172.31.69.11/cap_00494_20180215184806,37.0,0.0,0.0,0.0,0.0
data/spl/172.31.69.11/cap_00567_20180215192704,71.0,0.0,0.0,0.0,0.0
data/spl/172.31.69.11/cap_00142_20180215154021,75.0,0.0,0.0,0.0,0.0
data/spl/172.31.69.11/cap_00495_20180215184844,34.0,0.0,0.0,0.0,0.0
data/spl/172.31.69.11/cap_01060_20180215234957,125.0,0.0,0.0,0.0,0.0
data/spl/172.31.69.11/cap_00254_20180215164005,1207.0,0.0,0.0,0.0,0.0
data/spl/172.31.69.11/cap_00593_20180215194053,34.0,0.0,0.0,0.0,0.0
data/spl/172.31.69.11/cap_00674_20180215202405,133.0,0.0,0.0,0.0,0.0
data/spl/172.31.69.11/cap_00944_20180215224807,26.0,0.0,0.0,0.0,0.0
data/spl/172.31.69.11/cap_00055_20180215145357,89.0,0.0,0.0,0.0,0.0
data/spl/172.31.69.11/cap_00084_20180215150928,58.0,0.0,0.0,0.0,0.0
data/spl/172.31.69.11/cap_00978_20180215230615,181.0,0.0,0.0,0.0,0.0
data/spl/172.31.69.11/cap_00952_20180215225226,44.0,0.0,0.0,0.0,0.0
data/spl/172.31.69.11/cap_00505_20180215185357,42.0,0.0,0.0,0.0,0.0
data/spl/172.31.69.11/cap_00704_20180215204006,49.0,0.0,0.0,0.0,0.0
data/spl/172.31.69.11/cap_00742_20180215210021,132.0,0.0,0.0,0.0,0.0
data/spl/172.31.69.11/cap_00751_20180215210515,160.0,0.0,0.0,0.0,0.0
data/spl/172.31.69.11/cap_00399_20180215175725,37.0,0.0,0.0,0.0,0.0
data/spl/172.31.69.11/cap_01006_20180215232110,129.0,0.0,0.0,0.0,0.0
data/spl/172.31.69.11/cap_00280_20180215165358,51.0,0.0,0.0,0.0,0.0
data/spl/172.31.69.11/cap_00174_20180215155727,32.0,0.0,0.0,0.0,0.0
data/spl/172.31.69.11/cap_00627_20180215195901,49.0,0.0,0.0,0.0,0.0
data/spl/172.31.69.11/cap_00423_20180215181014,81.0,0.0,0.0,0.0,0.0
data/spl/172.31.69.11/cap_00128_20180215153253,76.0,0.0,0.0,0.0,0.0
data/spl/172.31.69.11/cap_00272_20180215164951,48.0,0.0,0.0,0.0,0.0
data/spl/172.31.69.11/cap_00058_20180215145533,46.0,0.0,0.0,0.0,0.0
data/spl/172.31.69.11/cap_00355_20180215173357,137.0,0.0,0.0,0.0,0.0
data/spl/172.31.69.11/cap_00455_20180215182717,31.0,0.0,0.0,0.0,0.0
data/spl/172.31.69.11/cap_00994_20180215231452,9.0,0.0,0.0,0.0,0.0
data/spl/172.31.69.11/cap_00825_20180215214438,36.0,0.0,0.0,0.0,0.0
data/spl/172.31.69.11/cap_00821_20180215214233,117.0,0.0,0.0,0.0,0.0
data/spl/172.31.69.11/cap_01032_20180215233501,241.0,0.0,0.0,0.0,0.0
data/spl/172.31.69.11/cap_00792_20180215212702,201.0,0.0,0.0,0.0,0.0
data/spl/172.31.69.11/cap_00682_20180215202821,129.0,0.0,0.0,0.0,0.0
data/spl/172.31.69.11/cap_00659_20180215201607,113.0,0.0,0.0,0.0,0.0
data/spl/172.31.69.11/cap_00425_20180215181118,83.0,0.0,0.0,0.0,0.0
data/spl/172.31.69.11/cap_00266_20180215164629,40.0,0.0,0.0,0.0,0.0
data/spl/172.31.69.11/cap_00096_20180215151549,61.0,0.0,0.0,0.0,0.0
data/spl/172.31.69.11/cap_00597_20180215194301,19.0,0.0,0.0,0.0,0.0
data/spl/172.31.69.11/cap_00630_20180215200041,5.0,0.0,0.0,0.0,0.0
data/spl/172.31.69.11/cap_00786_20180215212349,226.0,0.0,0.0,0.0,0.0
data/spl/172.31.69.11/cap_00575_20180215193118,130.0,0.0,0.0,0.0,0.0
data/spl/172.31.69.11/cap_00606_20180215194749,2430.0,0.0,0.0,0.0,0.0
data/spl/172.31.69.11/cap_01054_20180215234645,111.0,0.0,0.0,0.0,0.0
data/spl/172.31.69.11/cap_00859_20180215220247,95.0,0.0,0.0,0.0,0.0
data/spl/172.31.69.11/cap_01007_20180215232141,186.0,0.0,0.0,0.0,0.0
data/spl/172.31.69.11/cap_00976_20180215230509,46.0,0.0,0.0,0.0,0.0
data/spl/172.31.69.11/cap_00512_20180215185743,47.0,0.0,0.0,0.0,0.0
data/spl/172.31.69.11/cap_00797_20180215212941,6298.0,0.0,0.0,0.0,0.0
data/spl/172.31.69.11/cap_00980_20180215230721,262.0,0.0,0.0,0.0,0.0
data/spl/172.31.69.11/cap_00301_20180215170509,104.0,0.0,0.0,0.0,0.0
data/spl/172.31.69.11/cap_00458_20180215182857,20.0,0.0,0.0,0.0,0.0
data/spl/172.31.69.11/cap_01033_20180215233534,1138.0,0.0,0.0,0.0,0.0
data/spl/172.31.69.11/cap_00545_20180215191527,48.0,0.0,0.0,0.0,0.0
data/spl/172.31.69.11/cap_00223_20180215162333,49.0,0.0,0.0,0.0,0.0
data/spl/172.31.69.11/cap_00632_20180215200142,3.0,0.0,0.0,0.0,0.0
data/spl/172.31.69.11/cap_00473_20180215183700,53.0,0.0,0.0,0.0,0.0
data/spl/172.31.69.11/cap_00695_20180215203517,109.0,0.0,0.0,0.0,0.0
data/spl/172.31.69.11/cap_00396_20180215175551,36.0,0.0,0.0,0.0,0.0
data/spl/172.31.69.11/cap_00119_20180215152805,2144.0,0.0,0.0,0.0,0.0
data/spl/172.31.69.11/cap_00680_20180215202718,196.0,0.0,0.0,0.0,0.0
data/spl/172.31.69.11/cap_00312_20180215171101,151.0,0.0,0.0,0.0,0.0
data/spl/172.31.69.11/cap_00371_20180215174229,244.0,0.0,0.0,0.0,0.0
data/spl/172.31.69.11/cap_00401_20180215175829,63.0,0.0,0.0,0.0,0.0
data/spl/172.31.69.11/cap_00533_20180215190856,44.0,0.0,0.0,0.0,0.0
data/spl/172.31.69.11/cap_00892_20180215222021,26.0,0.0,0.0,0.0,0.0
data/spl/172.31.69.11/cap_00392_20180215175342,61.0,0.0,0.0,0.0,0.0
data/spl/172.31.69.11/cap_00868_20180215220756,6.0,0.0,0.0,0.0,0.0
data/spl/172.31.69.11/cap_00599_20180215194406,28.0,0.0,0.0,0.0,0.0
data/spl/172.31.69.11/cap_01065_20180215235238,111.0,0.0,0.0,0.0,0.0
data/spl/172.31.69.11/cap_00764_20180215211206,310.0,0.0,0.0,0.0,0.0
data/spl/172.31.69.11/cap_01003_20180215231933,110.0,0.0,0.0,0.0,0.0
data/spl/172.31.69.11/cap_01039_20180215233845,761.0,0.0,0.0,0.0,0.0
data/spl/172.31.69.11/cap_00857_20180215220141,257.0,0.0,0.0,0.0,0.0
data/spl/172.31.69.11/cap_01056_20180215234749,68.0,0.0,0.0,0.0,0.0
data/spl/172.31.69.11/cap_01026_20180215233149,881.0,0.0,0.0,0.0,0.0
data/spl/172.31.69.11/cap_00138_20180215153813,211.0,0.0,0.0,0.0,0.0
data/spl/172.31.69.11/cap_00851_20180215215830,70.0,0.0,0.0,0.0,0.0
data/spl/172.31.69.11/cap_01048_20180215234334,102.0,0.0,0.0,0.0,0.0
data/spl/172.31.69.11/cap_00804_20180215213325,143.0,0.0,0.0,0.0,0.0
data/spl/172.31.69.11/cap_00273_20180215165014,545.0,0.0,0.0,0.0,0.0
data/spl/172.31.69.11/cap_00180_20180215160038,82.0,0.0,0.0,0.0,0.0
data/spl/172.31.69.11/cap_00320_20180215171517,70.0,0.0,0.0,0.0,0.0
data/spl/172.31.69.11/cap_00928_20180215223936,91.0,0.0,0.0,0.0,0.0
data/spl/172.31.69.11/cap_00027_20180215143902,178.0,0.0,0.0,0.0,0.0
data/spl/172.31.69.11/cap_00801_20180215213151,477.0,0.0,0.0,0.0,0.0
data/spl/172.31.69.11/cap_00076_20180215150511,41.0,0.0,0.0,0.0,0.0
data/spl/172.31.69.11/cap_00687_20180215203101,96.0,0.0,0.0,0.0,0.0
data/spl/172.31.69.11/cap_00728_20180215205254,47.0,0.0,0.0,0.0,0.0
data/spl/172.31.69.11/cap_00518_20180215190055,45.0,0.0,0.0,0.0,0.0
data/spl/172.31.69.11/cap_00648_20180215201013,126.0,0.0,0.0,0.0,0.0
data/spl/172.31.69.11/cap_01020_20180215232838,11.0,0.0,0.0,0.0,0.0
data/spl/172.31.69.11/cap_00964_20180215225845,41.0,0.0,0.0,0.0,0.0
data/spl/172.31.69.11/cap_00650_20180215201119,137.0,0.0,0.0,0.0,0.0
data/spl/172.31.69.11/cap_00813_20180215213815,26.0,0.0,0.0,0.0,0.0
data/spl/172.31.69.11/cap_00475_20180215183758,24.0,0.0,0.0,0.0,0.0
data/spl/172.31.69.11/cap_00910_20180215222958,103.0,0.0,0.0,0.0,0.0
data/spl/172.31.69.11/cap_00667_20180215202021,98.0,0.0,0.0,0.0,0.0
data/spl/172.31.69.11/cap_00618_20180215195414,93.0,0.0,0.0,0.0,0.0
data/spl/172.31.69.11/cap_00508_20180215185537,58.0,0.0,0.0,0.0,0.0
data/spl/172.31.69.11/cap_00582_20180215193501,48.0,0.0,0.0,0.0,0.0
data/spl/172.31.69.11/cap_00788_20180215212453,1021.0,0.0,0.0,0.0,0.0
data/spl/172.31.69.11/cap_00444_20180215182125,66.0,0.0,0.0,0.0,0.0
data/spl/172.31.69.11/cap_00739_20180215205846,95.0,0.0,0.0,0.0,0.0
data/spl/172.31.69.11/cap_00233_20180215162853,140.0,0.0,0.0,0.0,0.0
data/spl/172.31.69.11/cap_00636_20180215200349,66.0,0.0,0.0,0.0,0.0
data/spl/172.31.69.11/cap_00550_20180215191803,33.0,0.0,0.0,0.0,0.0
data/spl/172.31.69.11/cap_00677_20180215202541,849.0,0.0,0.0,0.0,0.0
data/spl/172.31.69.11/cap_00474_20180215183726,33.0,0.0,0.0,0.0,0.0
data/spl/172.31.69.11/cap_00217_20180215162022,178.0,0.0,0.0,0.0,0.0
data/spl/172.31.69.11/cap_00929_20180215224008,137.0,0.0,0.0,0.0,0.0
data/spl/172.31.69.11/cap_00370_20180215174157,48.0,0.0,0.0,0.0,0.0
data/spl/172.31.69.11/cap_00296_20180215170230,32.0,0.0,0.0,0.0,0.0
data/spl/172.31.69.11/cap_01021_20180215232910,62.0,0.0,0.0,0.0,0.0
data/spl/172.31.69.11/cap_00616_20180215195317,54.0,0.0,0.0,0.0,0.0
data/spl/172.31.69.11/cap_00074_20180215150405,51.0,0.0,0.0,0.0,0.0
data/spl/172.31.69.11/cap_00461_20180215183030,64.0,0.0,0.0,0.0,0.0
data/spl/172.31.69.11/cap_00215_20180215161921,50.0,0.0,0.0,0.0,0.0
data/spl/172.31.69.11/cap_00304_20180215170646,65.0,0.0,0.0,0.0,0.0
data/spl/172.31.69.11/cap_00774_20180215211725,469.0,0.0,0.0,0.0,0.0
data/spl/172.31.69.11/cap_00356_20180215173430,126.0,0.0,0.0,0.0,0.0
data/spl/172.31.69.11/cap_00114_20180215152526,35.0,0.0,0.0,0.0,0.0
data/spl/172.31.69.11/cap_00841_20180215215309,35.0,0.0,0.0,0.0,0.0
data/spl/172.31.69.11/cap_00167_20180215155341,81.0,0.0,0.0,0.0,0.0
data/spl/172.31.69.11/cap_00918_20180215223415,153.0,0.0,0.0,0.0,0.0
data/spl/172.31.69.11/cap_00895_20180215222205,16.0,0.0,0.0,0.0,0.0
data/spl/172.31.69.11/cap_00783_20180215212213,137.0,0.0,0.0,0.0,0.0
data/spl/172.31.69.11/cap_00620_20180215195520,18.0,0.0,0.0,0.0,0.0
data/spl/172.31.69.11/cap_00808_20180215213533,84.0,0.0,0.0,0.0,0.0
data/spl/172.31.69.11/cap_00070_20180215150157,185.0,0.0,0.0,0.0,0.0
data/spl/172.31.69.11/cap_00220_20180215162158,139.0,0.0,0.0,0.0,0.0
data/spl/172.31.69.11/cap_00838_20180215215138,43.0,0.0,0.0,0.0,0.0
data/spl/172.31.69.11/cap_00537_20180215191102,46.0,0.0,0.0,0.0,0.0
data/spl/172.31.69.11/cap_00548_20180215191653,31.0,0.0,0.0,0.0,0.0
data/spl/172.31.69.11/cap_00622_20180215195621,19.0,0.0,0.0,0.0,0.0
data/spl/172.31.69.11/cap_00509_20180215185606,30.0,0.0,0.0,0.0,0.0
data/spl/172.31.69.11/cap_00001_20180215142509,128.0,0.0,0.0,0.0,0.0
data/spl/172.31.69.11/cap_00259_20180215164248,152.0,0.0,0.0,0.0,0.0
data/spl/172.31.69.11/cap_00568_20180215192733,119.0,0.0,0.0,0.0,0.0
data/spl/172.31.69.11/cap_01022_20180215232943,72.0,0.0,0.0,0.0,0.0
data/spl/172.31.69.11/cap_00490_20180215184559,267.0,0.0,0.0,0.0,0.0
data/spl/172.31.69.11/cap_00192_20180215160702,184.0,0.0,0.0,0.0,0.0
data/spl/172.31.69.11/cap_00847_20180215215623,151.0,0.0,0.0,0.0,0.0
data/spl/172.31.69.11/cap_00175_20180215155759,85.0,0.0,0.0,0.0,0.0
data/spl/172.31.69.11/cap_00178_20180215155939,63.0,0.0,0.0,0.0,0.0
data/spl/172.31.69.11/cap_00342_20180215172704,303.0,0.0,0.0,0.0,0.0
data/spl/172.31.69.11/cap_00856_20180215220110,88.0,0.0,0.0,0.0,0.0
data/spl/172.31.69.11/cap_00830_20180215214719,63.0,0.0,0.0,0.0,0.0
data/spl/172.31.69.11/cap_00086_20180215151029,21.0,0.0,0.0,0.0,0.0
data/spl/172.31.69.11/cap_00915_20180215223237,436.0,0.0,0.0,0.0,0.0
data/spl/172.31.69.11/cap_00936_20180215224353,102.0,0.0,0.0,0.0,0.0
data/spl/172.31.69.11/cap_00535_20180215190958,31.0,0.0,0.0,0.0,0.0
data/spl/172.31.69.11/cap_00002_20180215142544,169.0,0.0,0.0,0.0,0.0
data/spl/172.31.69.11/cap_00920_20180215223519,151.0,0.0,0.0,0.0,0.0
data/spl/172.31.69.11/cap_00684_20180215202926,146.0,0.0,0.0,0.0,0.0
data/spl/172.31.69.11/cap_00412_20180215180421,685.0,0.0,0.0,0.0,0.0
data/spl/172.31.69.11/cap_00322_20180215171622,29.0,0.0,0.0,0.0,0.0
data/spl/172.31.69.11/cap_00733_20180215205537,56.0,0.0,0.0,0.0,0.0
data/spl/172.31.69.11/cap_00709_20180215204246,46.0,0.0,0.0,0.0,0.0
data/spl/172.31.69.11/cap_01009_20180215232248,40.0,0.0,0.0,0.0,0.0
data/spl/172.31.69.11/cap_00043_20180215144734,60.0,0.0,0.0,0.0,0.0
data/spl/172.31.69.11/cap_00865_20180215220557,29.0,0.0,0.0,0.0,0.0
data/spl/172.31.69.11/cap_00516_20180215185949,88.0,0.0,0.0,0.0,0.0
data/spl/172.31.69.11/cap_00966_20180215225951,19.0,0.0,0.0,0.0,0.0
data/spl/172.31.69.11/cap_01063_20180215235133,118.0,0.0,0.0,0.0,0.0
data/spl/172.31.69.11/cap_00122_20180215152941,196.0,0.0,0.0,0.0,0.0
data/spl/172.31.69.11/cap_01034_20180215233605,852.0,0.0,0.0,0.0,0.0
data/spl/172.31.69.11/cap_00844_20180215215446,41.0,0.0,0.0,0.0,0.0
data/spl/172.31.69.11/cap_01024_20180215233049,35.0,0.0,0.0,0.0,0.0
data/spl/172.31.69.11/cap_00206_20180215161433,61.0,0.0,0.0,0.0,0.0
data/spl/172.31.69.11/cap_00995_20180215231517,19.0,0.0,0.0,0.0,0.0
data/spl/172.31.69.11/cap_00741_20180215205949,125.0,0.0,0.0,0.0,0.0
data/spl/172.31.69.11/cap_00479_20180215184006,50.0,0.0,0.0,0.0,0.0
data/spl/172.31.69.11/cap_00152_20180215154541,74.0,0.0,0.0,0.0,0.0
data/spl/172.31.69.11/cap_00087_20180215151107,37.0,0.0,0.0,0.0,0.0
data/spl/172.31.69.11/cap_00971_20180215230229,134.0,0.0,0.0,0.0,0.0
data/spl/172.31.69.11/cap_00480_20180215184039,30.0,0.0,0.0,0.0,0.0
data/spl/172.31.69.11/cap_00781_20180215212110,66.0,0.0,0.0,0.0,0.0
data/spl/172.31.69.11/cap_00224_20180215162408,370.0,0.0,0.0,0.0,0.0
data/spl/172.31.69.11/cap_00909_20180215222925,288.0,0.0,0.0,0.0,0.0
data/spl/172.31.69.11/cap_00806_20180215213431,63.0,0.0,0.0,0.0,0.0
data/spl/172.31.69.11/cap_00793_20180215212733,335.0,0.0,0.0,0.0,0.0
data/spl/172.31.69.11/cap_00053_20180215145253,321.0,0.0,0.0,0.0,0.0
data/spl/172.31.69.11/cap_00963_20180215225813,75.0,0.0,0.0,0.0,0.0
data/spl/172.31.69.11/cap_00354_20180215173325,135.0,0.0,0.0,0.0,0.0
data/spl/172.31.69.11/cap_00289_20180215165849,48.0,0.0,0.0,0.0,0.0
data/spl/172.31.69.11/cap_00738_20180215205813,367.0,0.0,0.0,0.0,0.0
data/spl/172.31.69.11/cap_00454_20180215182645,35.0,0.0,0.0,0.0,0.0
data/spl/172.31.69.11/cap_00874_20180215221046,32.0,0.0,0.0,0.0,0.0
data/spl/172.31.69.11/cap_00066_20180215145953,67.0,0.0,0.0,0.0,0.0
data/spl/172.31.69.11/cap_00972_20180215230304,173.0,0.0,0.0,0.0,0.0
data/spl/172.31.69.11/cap_00462_20180215183102,370.0,0.0,0.0,0.0,0.0
data/spl/172.31.69.11/cap_00060_20180215145638,1852.0,0.0,0.0,0.0,0.0
data/spl/172.31.69.11/cap_00129_20180215153325,75.0,0.0,0.0,0.0,0.0
data/spl/172.31.69.11/cap_00826_20180215214516,43.0,0.0,0.0,0.0,0.0
data/spl/172.31.69.11/cap_01013_20180215232454,68.0,0.0,0.0,0.0,0.0
data/spl/172.31.69.11/cap_00181_20180215160110,16.0,0.0,0.0,0.0,0.0
data/spl/172.31.69.11/cap_00432_20180215181504,31.0,0.0,0.0,0.0,0.0
data/spl/172.31.69.11/cap_00974_20180215230405,68.0,0.0,0.0,0.0,0.0
data/spl/172.31.69.11/cap_00590_20180215193917,57.0,0.0,0.0,0.0,0.0
data/spl/172.31.69.11/cap_00711_20180215204359,135.0,0.0,0.0,0.0,0.0
data/spl/172.31.69.11/cap_00405_20180215180037,127.0,0.0,0.0,0.0,0.0
data/spl/172.31.69.11/cap_00202_20180215161222,102.0,0.0,0.0,0.0,0.0
data/spl/172.31.69.11/cap_01050_20180215234437,260.0,0.0,0.0,0.0,0.0
data/spl/172.31.69.11/cap_00467_20180215183344,121.0,0.0,0.0,0.0,0.0
data/spl/172.31.69.11/cap_00834_20180215214927,42.0,0.0,0.0,0.0,0.0
data/spl/172.31.69.11/cap_00553_20180215191934,32.0,0.0,0.0,0.0,0.0
data/spl/172.31.69.11/cap_00072_20180215150301,88.0,0.0,0.0,0.0,0.0
data/spl/172.31.69.11/cap_00653_20180215201253,67.0,0.0,0.0,0.0,0.0
data/spl/172.31.69.11/cap_00983_20180215230858,74.0,0.0,0.0,0.0,0.0
data/spl/172.31.69.11/cap_00269_20180215164806,20.0,0.0,0.0,0.0,0.0
data/spl/172.31.69.11/cap_00809_20180215213606,60.0,0.0,0.0,0.0,0.0
data/spl/172.31.69.11/cap_00113_20180215152503,31.0,0.0,0.0,0.0,0.0
data/spl/172.31.69.11/cap_00080_20180215150720,53.0,0.0,0.0,0.0,0.0
data/spl/172.31.69.11/cap_00061_20180215145709,264.0,0.0,0.0,0.0,0.0
data/spl/172.31.69.11/cap_01017_20180215232704,24.0,0.0,0.0,0.0,0.0
data/spl/172.31.69.11/cap_00095_20180215151517,48.0,0.0,0.0,0.0,0.0
data/spl/172.31.69.11/cap_00198_20180215161013,40.0,0.0,0.0,0.0,0.0
data/spl/172.31.69.11/cap_00716_20180215204631,299.0,0.0,0.0,0.0,0.0
data/spl/172.31.69.11/cap_00876_20180215221152,222.0,0.0,0.0,0.0,0.0
data/spl/172.31.69.11/cap_00528_20180215190621,26.0,0.0,0.0,0.0,0.0
data/spl/172.31.69.11/cap_00756_20180215210749,242.0,0.0,0.0,0.0,0.0
data/spl/172.31.69.11/cap_00147_20180215154302,50.0,0.0,0.0,0.0,0.0
data/spl/172.31.69.11/cap_00440_20180215181918,127.0,0.0,0.0,0.0,0.0
data/spl/172.31.69.11/cap_00693_20180215203413,219.0,0.0,0.0,0.0,0.0
data/spl/172.31.69.11/cap_00373_20180215174333,91.0,0.0,0.0,0.0,0.0
data/spl/172.31.69.11/cap_00388_20180215175133,64.0,0.0,0.0,0.0,0.0
data/spl/172.31.69.11/cap_00629_20180215200007,19.0,0.0,0.0,0.0,0.0
data/spl/172.31.69.11/cap_00965_20180215225917,73.0,0.0,0.0,0.0,0.0
data/spl/172.31.69.11/cap_00779_20180215212007,76.0,0.0,0.0,0.0,0.0
data/spl/172.31.69.11/cap_00767_20180215211341,199.0,0.0,0.0,0.0,0.0
data/spl/172.31.69.11/cap_00899_20180215222405,46.0,0.0,0.0,0.0,0.0
data/spl/172.31.69.11/cap_00419_20180215180805,51.0,0.0,0.0,0.0,0.0
data/spl/172.31.69.11/cap_00107_20180215152142,81.0,0.0,0.0,0.0,0.0
data/spl/172.31.69.11/cap_01064_20180215235206,167.0,0.0,0.0,0.0,0.0
data/spl/172.31.69.11/cap_00784_20180215212246,81.0,0.0,0.0,0.0,0.0
data/spl/172.31.69.11/cap_01010_20180215232319,34.0,0.0,0.0,0.0,0.0
data/spl/172.31.69.11/cap_00262_20180215164421,61.0,0.0,0.0,0.0,0.0
data/spl/172.31.69.11/cap_00853_20180215215941,33.0,0.0,0.0,0.0,0.0
data/spl/172.31.69.11/cap_00924_20180215223725,348.0,0.0,0.0,0.0,0.0
data/spl/172.31.69.11/cap_00251_20180215163829,100.0,0.0,0.0,0.0,0.0
data/spl/172.31.69.11/cap_00006_20180215142749,46.0,0.0,0.0,0.0,0.0
data/spl/172.31.69.11/cap_00245_20180215163517,311.0,0.0,0.0,0.0,0.0
data/spl/172.31.69.11/cap_00761_20180215211029,82.0,0.0,0.0,0.0,0.0
data/spl/172.31.69.11/cap_00028_20180215143934,262.0,0.0,0.0,0.0,0.0
data/spl/172.31.69.11/cap_00778_20180215211936,76.0,0.0,0.0,0.0,0.0
data/spl/172.31.69.11/cap_00625_20180215195757,86.0,0.0,0.0,0.0,0.0
data/spl/172.31.69.11/cap_00612_20180215195108,47.0,0.0,0.0,0.0,0.0
data/spl/172.31.69.11/cap_01059_20180215234925,82.0,0.0,0.0,0.0,0.0
data/spl/172.31.69.11/cap_00064_20180215145845,259.0,0.0,0.0,0.0,0.0
data/spl/172.31.69.11/cap_00427_20180215181224,41.0,0.0,0.0,0.0,0.0
data/spl/172.31.69.11/cap_00635_20180215200317,32.0,0.0,0.0,0.0,0.0
data/spl/172.31.69.11/cap_00794_20180215212805,127.0,0.0,0.0,0.0,0.0
data/spl/172.31.69.11/cap_00672_20180215202304,322.0,0.0,0.0,0.0,0.0
data/spl/172.31.69.11/cap_00183_20180215160217,48.0,0.0,0.0,0.0,0.0
data/spl/172.31.69.11/cap_00735_20180215205640,55.0,0.0,0.0,0.0,0.0
data/spl/172.31.69.11/cap_00908_20180215222853,227.0,0.0,0.0,0.0,0.0
data/spl/172.31.69.11/cap_00526_20180215190509,34.0,0.0,0.0,0.0,0.0
data/spl/172.31.69.11/cap_00780_20180215212037,111.0,0.0,0.0,0.0,0.0
data/spl/172.31.69.11/cap_00361_20180215173715,133.0,0.0,0.0,0.0,0.0
data/spl/172.31.69.11/cap_00607_20180215194821,217.0,0.0,0.0,0.0,0.0
data/spl/172.31.69.11/cap_00497_20180215184941,66.0,0.0,0.0,0.0,0.0
data/spl/172.31.69.11/cap_00954_20180215225325,56.0,0.0,0.0,0.0,0.0
data/spl/172.31.69.11/cap_00292_20180215170023,24.0,0.0,0.0,0.0,0.0
data/spl/172.31.69.11/cap_00153_20180215154614,97.0,0.0,0.0,0.0,0.0
data/spl/172.31.69.11/cap_00069_20180215150127,878.0,0.0,0.0,0.0,0.0
data/spl/172.31.69.11/cap_00021_20180215143549,147.0,0.0,0.0,0.0,0.0
data/spl/172.31.69.11/cap_00005_20180215142717,80.0,0.0,0.0,0.0,0.0
data/spl/172.31.69.11/cap_00579_20180215193330,134.0,0.0,0.0,0.0,0.0
data/spl/172.31.69.11/cap_00335_20180215172317,217.0,0.0,0.0,0.0,0.0
data/spl/172.31.69.11/cap_00007_20180215142821,26.0,0.0,0.0,0.0,0.0
data/spl/172.31.69.11/cap_00400_20180215175758,42.0,0.0,0.0,0.0,0.0
data/spl/172.31.69.11/cap_00329_20180215172006,232.0,0.0,0.0,0.0,0.0
data/spl/172.31.69.11/cap_00503_20180215185253,23.0,0.0,0.0,0.0,0.0
data/spl/172.31.69.11/cap_00701_20180215203832,41.0,0.0,0.0,0.0,0.0
data/spl/172.31.69.11/cap_00566_20180215192631,53.0,0.0,0.0,0.0,0.0
data/spl/172.31.69.11/cap_00018_20180215143413,28417.0,0.0,0.0,0.0,0.0
data/spl/172.31.69.11/cap_00594_20180215194125,65.0,0.0,0.0,0.0,0.0
data/spl/172.31.69.11/cap_00284_20180215165608,74.0,0.0,0.0,0.0,0.0
data/spl/172.31.69.11/cap_00640_20180215200557,3675.0,0.0,0.0,0.0,0.0
data/spl/172.31.69.11/cap_00298_20180215170333,79.0,0.0,0.0,0.0,0.0
data/spl/172.31.69.11/cap_00833_20180215214859,24.0,0.0,0.0,0.0,0.0
data/spl/172.31.69.11/cap_00721_20180215204910,157.0,0.0,0.0,0.0,0.0
data/spl/172.31.69.11/cap_00897_20180215222306,136.0,0.0,0.0,0.0,0.0
data/spl/172.31.69.11/cap_00459_20180215182925,48.0,0.0,0.0,0.0,0.0
data/spl/172.31.69.11/cap_00344_20180215172805,122.0,0.0,0.0,0.0,0.0
data/spl/172.31.69.11/cap_00696_20180215203549,135.0,0.0,0.0,0.0,0.0
data/spl/172.31.69.11/cap_00563_20180215192453,30.0,0.0,0.0,0.0,0.0
data/spl/172.31.69.11/cap_00288_20180215165813,19.0,0.0,0.0,0.0,0.0
data/spl/172.31.69.11/cap_00026_20180215143829,371.0,0.0,0.0,0.0,0.0
data/spl/172.31.69.11/cap_00397_20180215175622,58.0,0.0,0.0,0.0,0.0
data/spl/172.31.69.11/cap_00085_20180215150957,37.0,0.0,0.0,0.0,0.0
data/spl/172.31.69.11/cap_00811_20180215213713,27.0,0.0,0.0,0.0,0.0
data/spl/172.31.69.11/cap_00260_20180215164322,107.0,0.0,0.0,0.0,0.0
data/spl/172.31.69.11/cap_00501_20180215185149,41.0,0.0,0.0,0.0,0.0
data/spl/172.31.69.11/cap_00639_20180215200526,16.0,0.0,0.0,0.0,0.0
data/spl/172.31.69.11/cap_00676_20180215202512,1102.0,0.0,0.0,0.0,0.0
data/spl/172.31.69.11/cap_00610_20180215194957,148.0,0.0,0.0,0.0,0.0
data/spl/172.31.69.11/cap_00050_20180215145117,79.0,0.0,0.0,0.0,0.0
data/spl/172.31.69.11/cap_01053_20180215234613,124.0,0.0,0.0,0.0,0.0
data/spl/172.31.69.11/cap_00822_20180215214303,114.0,0.0,0.0,0.0,0.0
data/spl/172.31.69.11/cap_00858_20180215220213,50.0,0.0,0.0,0.0,0.0
data/spl/172.31.69.11/cap_00154_20180215154645,121.0,0.0,0.0,0.0,0.0
data/spl/172.31.69.11/cap_00613_20180215195136,17.0,0.0,0.0,0.0,0.0
data/spl/172.31.69.11/cap_00034_20180215144246,58.0,0.0,0.0,0.0,0.0
data/spl/172.31.69.11/cap_00824_20180215214407,46.0,0.0,0.0,0.0,0.0
data/spl/172.31.69.11/cap_00341_20180215172630,43.0,0.0,0.0,0.0,0.0
data/spl/172.31.69.11/cap_00409_20180215180245,59.0,0.0,0.0,0.0,0.0
data/spl/172.31.69.11/cap_00394_20180215175447,57.0,0.0,0.0,0.0,0.0
data/spl/172.31.69.11/cap_00539_20180215191205,42.0,0.0,0.0,0.0,0.0
data/spl/172.31.69.11/cap_00068_20180215150053,24.0,0.0,0.0,0.0,0.0
data/spl/172.31.69.11/cap_00916_20180215223309,160.0,0.0,0.0,0.0,0.0
data/spl/172.31.69.11/cap_01052_20180215234541,120.0,0.0,0.0,0.0,0.0
data/spl/172.31.69.11/cap_00745_20180215210159,52.0,0.0,0.0,0.0,0.0
data/spl/172.31.69.11/cap_00265_20180215164557,107.0,0.0,0.0,0.0,0.0
data/spl/172.31.69.11/cap_00748_20180215210334,152.0,0.0,0.0,0.0,0.0
data/spl/172.31.69.11/cap_00602_20180215194542,32.0,0.0,0.0,0.0,0.0
data/spl/172.31.69.11/cap_00768_20180215211414,69.0,0.0,0.0,0.0,0.0
data/spl/172.31.69.11/cap_00669_20180215202125,995.0,0.0,0.0,0.0,0.0
data/spl/172.31.69.11/cap_00127_20180215153222,24.0,0.0,0.0,0.0,0.0
data/spl/172.31.69.11/cap_00628_20180215195934,53.0,0.0,0.0,0.0,0.0
data/spl/172.31.69.11/cap_00235_20180215163002,81.0,0.0,0.0,0.0,0.0
data/spl/172.31.69.11/cap_00136_20180215153709,110.0,0.0,0.0,0.0,0.0
data/spl/172.31.69.11/cap_00510_20180215185637,73.0,0.0,0.0,0.0,0.0
data/spl/172.31.69.11/cap_00073_20180215150333,203.0,0.0,0.0,0.0,0.0
data/spl/172.31.69.11/cap_00706_20180215204111,474.0,0.0,0.0,0.0,0.0
data/spl/172.31.69.11/cap_00836_20180215215029,40.0,0.0,0.0,0.0,0.0
data/spl/172.31.69.11/cap_00163_20180215155133,73.0,0.0,0.0,0.0,0.0
data/spl/172.31.69.11/cap_00314_20180215171208,117.0,0.0,0.0,0.0,0.0
data/spl/172.31.69.11/cap_01012_20180215232421,146.0,0.0,0.0,0.0,0.0
data/spl/172.31.69.11/cap_00211_20180215161710,33.0,0.0,0.0,0.0,0.0
data/spl/172.31.69.11/cap_01057_20180215234821,96.0,0.0,0.0,0.0,0.0
data/spl/172.31.69.11/cap_00596_20180215194229,33.0,0.0,0.0,0.0,0.0
data/spl/172.31.69.11/cap_00179_20180215160010,35.0,0.0,0.0,0.0,0.0
data/spl/172.31.69.11/cap_00694_20180215203445,179.0,0.0,0.0,0.0,0.0
data/spl/172.31.69.11/cap_00471_20180215183550,37.0,0.0,0.0,0.0,0.0
data/spl/172.31.69.11/cap_01046_20180215234229,113.0,0.0,0.0,0.0,0.0
data/spl/172.31.69.11/cap_00165_20180215155238,456.0,0.0,0.0,0.0,0.0
data/spl/172.31.69.11/cap_00835_20180215214959,44.0,0.0,0.0,0.0,0.0
data/spl/172.31.69.11/cap_00013_20180215143135,56.0,0.0,0.0,0.0,0.0
data/spl/172.31.69.11/cap_00321_20180215171549,114.0,0.0,0.0,0.0,0.0
data/spl/172.31.69.11/cap_00408_20180215180214,75.0,0.0,0.0,0.0,0.0
data/spl/172.31.69.11/cap_00722_20180215204943,102.0,0.0,0.0,0.0,0.0
data/spl/172.31.69.11/cap_00941_20180215224634,12.0,0.0,0.0,0.0,0.0
data/spl/172.31.69.11/cap_00986_20180215231030,87.0,0.0,0.0,0.0,0.0
data/spl/172.31.69.11/cap_00803_20180215213253,239.0,0.0,0.0,0.0,0.0
data/spl/172.31.69.11/cap_00507_20180215185502,51.0,0.0,0.0,0.0,0.0
data/spl/172.31.69.11/cap_00448_20180215182333,60.0,0.0,0.0,0.0,0.0
data/spl/172.31.69.11/cap_00439_20180215181845,321.0,0.0,0.0,0.0,0.0
data/spl/172.31.69.11/cap_00615_20180215195239,34.0,0.0,0.0,0.0,0.0
data/spl/172.31.69.11/cap_00278_20180215165253,52.0,0.0,0.0,0.0,0.0
data/spl/172.31.69.11/cap_00451_20180215182509,34.0,0.0,0.0,0.0,0.0
data/spl/172.31.69.11/cap_00697_20180215203621,36.0,0.0,0.0,0.0,0.0
data/spl/172.31.69.11/cap_00389_20180215175205,61.0,0.0,0.0,0.0,0.0
data/spl/172.31.69.11/cap_00962_20180215225741,137.0,0.0,0.0,0.0,0.0
data/spl/172.31.69.11/cap_00675_20180215202437,64.0,0.0,0.0,0.0,0.0
data/spl/172.31.69.11/cap_00759_20180215210925,519.0,0.0,0.0,0.0,0.0
data/spl/172.31.69.11/cap_00769_20180215211446,117.0,0.0,0.0,0.0,0.0
data/spl/172.31.69.11/cap_00727_20180215205222,141.0,0.0,0.0,0.0,0.0
data/spl/172.31.69.11/cap_00285_20180215165637,23.0,0.0,0.0,0.0,0.0
data/spl/172.31.69.11/cap_00131_20180215153430,1278.0,0.0,0.0,0.0,0.0
data/spl/172.31.69.11/cap_00647_20180215200942,936.0,0.0,0.0,0.0,0.0
data/spl/172.31.69.11/cap_00522_20180215190302,35.0,0.0,0.0,0.0,0.0
data/spl/172.31.69.11/cap_00816_20180215213949,70.0,0.0,0.0,0.0,0.0
data/spl/172.31.69.11/cap_00831_20180215214749,33.0,0.0,0.0,0.0,0.0
data/spl/172.31.69.11/cap_00959_20180215225605,152.0,0.0,0.0,0.0,0.0
data/spl/172.31.69.11/cap_01031_20180215233429,3008.0,0.0,0.0,0.0,0.0
data/spl/172.31.69.11/cap_00203_20180215161253,110.0,0.0,0.0,0.0,0.0
data/spl/172.31.69.11/cap_00201_20180215161149,101.0,0.0,0.0,0.0,0.0
data/spl/172.31.69.11/cap_00406_20180215180111,49.0,0.0,0.0,0.0,0.0
data/spl/172.31.69.11/cap_00365_20180215173917,79.0,0.0,0.0,0.0,0.0
data/spl/172.31.69.11/cap_00611_20180215195029,159.0,0.0,0.0,0.0,0.0
data/spl/172.31.69.11/cap_01041_20180215233949,1828.0,0.0,0.0,0.0,0.0
data/spl/172.31.69.11/cap_00898_20180215222336,46.0,0.0,0.0,0.0,0.0
data/spl/172.31.69.11/cap_00120_20180215152837,175.0,0.0,0.0,0.0,0.0
data/spl/172.31.69.11/cap_00019_20180215143445,300.0,0.0,0.0,0.0,0.0
data/spl/172.31.69.11/cap_00079_20180215150646,68.0,0.0,0.0,0.0,0.0
data/spl/172.31.69.11/cap_00771_20180215211555,37.0,0.0,0.0,0.0,0.0
data/spl/172.31.69.11/cap_00231_20180215162749,33.0,0.0,0.0,0.0,0.0
data/spl/172.31.69.11/cap_00332_20180215172143,77.0,0.0,0.0,0.0,0.0
data/spl/172.31.69.11/cap_00773_20180215211654,395.0,0.0,0.0,0.0,0.0
data/spl/172.31.69.11/cap_00839_20180215215207,65.0,0.0,0.0,0.0,0.0
data/spl/172.31.69.11/cap_00244_20180215163445,272.0,0.0,0.0,0.0,0.0
data/spl/172.31.69.11/cap_00042_20180215144701,73.0,0.0,0.0,0.0,0.0
data/spl/172.31.69.11/cap_00823_20180215214334,45.0,0.0,0.0,0.0,0.0
data/spl/172.31.69.11/cap_00888_20180215221814,192.0,0.0,0.0,0.0,0.0
data/spl/172.31.69.11/cap_00601_20180215194509,41.0,0.0,0.0,0.0,0.0
data/spl/172.31.69.11/cap_00592_20180215194022,93.0,0.0,0.0,0.0,0.0
data/spl/172.31.69.11/cap_00587_20180215193741,23.0,0.0,0.0,0.0,0.0
data/spl/172.31.69.11/cap_00689_20180215203205,78.0,0.0,0.0,0.0,0.0
data/spl/172.31.69.11/cap_00240_20180215163239,42.0,0.0,0.0,0.0,0.0
data/spl/172.31.69.11/cap_00339_20180215172530,181.0,0.0,0.0,0.0,0.0
data/spl/172.31.69.11/cap_00796_20180215212909,396.0,0.0,0.0,0.0,0.0
data/spl/172.31.69.11/cap_00621_20180215195549,31.0,0.0,0.0,0.0,0.0
data/spl/172.31.69.11/cap_00316_20180215171309,77.0,0.0,0.0,0.0,0.0
data/spl/172.31.69.11/cap_00762_20180215211101,249.0,0.0,0.0,0.0,0.0
data/spl/172.31.69.11/cap_00186_20180215160352,73.0,0.0,0.0,0.0,0.0
data/spl/172.31.69.11/cap_00562_20180215192425,26.0,0.0,0.0,0.0,0.0
data/spl/172.31.69.11/cap_00275_20180215165117,97.0,0.0,0.0,0.0,0.0
data/spl/172.31.69.11/cap_00047_20180215144941,96.0,0.0,0.0,0.0,0.0
data/spl/172.31.69.11/cap_00665_20180215201918,76.0,0.0,0.0,0.0,0.0
data/spl/172.31.69.11/cap_00885_20180215221637,178.0,0.0,0.0,0.0,0.0
data/spl/172.31.69.11/cap_00242_20180215163341,346.0,0.0,0.0,0.0,0.0
data/spl/172.31.69.11/cap_00478_20180215183934,47.0,0.0,0.0,0.0,0.0
data/spl/172.31.69.11/cap_00790_20180215212557,341.0,0.0,0.0,0.0,0.0
data/spl/172.31.69.11/cap_00016_20180215143309,91.0,0.0,0.0,0.0,0.0
data/spl/172.31.69.11/cap_01027_20180215233221,2459.0,0.0,0.0,0.0,0.0
data/spl/172.31.69.11/cap_00257_20180215164141,79.0,0.0,0.0,0.0,0.0
data/spl/172.31.69.11/cap_00848_20180215215654,43.0,0.0,0.0,0.0,0.0
data/spl/172.31.69.11/cap_00717_20180215204701,235.0,0.0,0.0,0.0,0.0
data/spl/172.31.69.11/cap_00935_20180215224317,85.0,0.0,0.0,0.0,0.0
data/spl/172.31.69.11/cap_00173_20180215155653,104.0,0.0,0.0,0.0,0.0
data/spl/172.31.69.11/cap_00433_20180215181533,35.0,0.0,0.0,0.0,0.0
data/spl/172.31.69.11/cap_00248_20180215163654,131.0,0.0,0.0,0.0,0.0
data/spl/172.31.69.11/cap_00105_20180215152046,33.0,0.0,0.0,0.0,0.0
data/spl/172.31.69.11/cap_00707_20180215204142,62.0,0.0,0.0,0.0,0.0
data/spl/172.31.69.11/cap_00905_20180215222717,697.0,0.0,0.0,0.0,0.0
data/spl/172.31.69.11/cap_00979_20180215230648,33.0,0.0,0.0,0.0,0.0
data/spl/172.31.69.11/cap_00731_20180215205432,39.0,0.0,0.0,0.0,0.0
data/spl/172.31.69.11/cap_00513_20180215185813,264.0,0.0,0.0,0.0,0.0
data/spl/172.31.69.11/cap_00552_20180215191901,31.0,0.0,0.0,0.0,0.0
data/spl/172.31.69.11/cap_00869_20180215220810,109.0,0.0,0.0,0.0,0.0
data/spl/172.31.69.11/cap_00829_20180215214647,119.0,0.0,0.0,0.0,0.0
data/spl/172.31.69.11/cap_00938_20180215224457,66.0,0.0,0.0,0.0,0.0
data/spl/172.31.69.11/cap_00681_20180215202749,128.0,0.0,0.0,0.0,0.0
data/spl/172.31.69.11/cap_00168_20180215155413,102.0,0.0,0.0,0.0,0.0
data/spl/172.31.69.11/cap_00890_20180215221919,127.0,0.0,0.0,0.0,0.0
data/spl/172.31.69.11/cap_00463_20180215183133,39.0,0.0,0.0,0.0,0.0
data/spl/172.31.69.11/cap_00951_20180215225150,97.0,0.0,0.0,0.0,0.0
data/spl/172.31.69.11/cap_00752_20180215210541,248.0,0.0,0.0,0.0,0.0
data/spl/172.31.69.11/cap_00149_20180215154405,902.0,0.0,0.0,0.0,0.0
data/spl/172.31.69.11/cap_00038_20180215144453,62.0,0.0,0.0,0.0,0.0
data/spl/172.31.69.11/cap_00922_20180215223621,71.0,0.0,0.0,0.0,0.0
data/spl/172.31.69.11/cap_00255_20180215164037,100.0,0.0,0.0,0.0,0.0
data/spl/172.31.69.11/cap_00589_20180215193845,265.0,0.0,0.0,0.0,0.0
data/spl/172.31.69.11/cap_00791_20180215212631,339.0,0.0,0.0,0.0,0.0
data/spl/172.31.69.11/cap_00227_20180215162542,37.0,0.0,0.0,0.0,0.0
data/spl/172.31.69.11/cap_00737_20180215205741,239.0,0.0,0.0,0.0,0.0
data/spl/172.31.69.11/cap_00282_20180215165504,65.0,0.0,0.0,0.0,0.0
data/spl/172.31.69.11/cap_00249_20180215163725,96.0,0.0,0.0,0.0,0.0
data/spl/172.31.69.11/cap_01067_20180215235343,108.0,0.0,0.0,0.0,0.0
data/spl/172.31.69.11/cap_00182_20180215160147,164.0,0.0,0.0,0.0,0.0
data/spl/172.31.69.11/cap_00758_20180215210853,219.0,0.0,0.0,0.0,0.0
data/spl/172.31.69.11/cap_00216_20180215161949,1517.0,0.0,0.0,0.0,0.0
data/spl/172.31.69.11/cap_00067_20180215150021,47.0,0.0,0.0,0.0,0.0
data/spl/172.31.69.11/cap_00345_20180215172837,72.0,0.0,0.0,0.0,0.0
data/spl/172.31.69.11/cap_00015_20180215143252,39.0,0.0,0.0,0.0,0.0
data/spl/172.31.69.11/cap_00466_20180215183316,43.0,0.0,0.0,0.0,0.0
data/spl/172.31.69.11/cap_00436_20180215181711,59.0,0.0,0.0,0.0,0.0
data/spl/172.31.69.11/cap_00999_20180215231725,49.0,0.0,0.0,0.0,0.0
data/spl/172.31.69.11/cap_00698_20180215203655,37.0,0.0,0.0,0.0,0.0
data/spl/172.31.69.11/cap_00569_20180215192805,117.0,0.0,0.0,0.0,0.0
data/spl/172.31.69.11/cap_00854_20180215220005,32.0,0.0,0.0,0.0,0.0
data/spl/172.31.69.11/cap_00646_20180215200910,0.0,0.0,0.0,0.0,0.0
data/spl/172.31.69.11/cap_00960_20180215225637,141.0,0.0,0.0,0.0,0.0
data/spl/172.31.69.11/cap_00491_20180215184631,380.0,0.0,0.0,0.0,0.0
data/spl/172.31.69.11/cap_00846_20180215215555,92.0,0.0,0.0,0.0,0.0
data/spl/172.31.69.11/cap_00447_20180215182304,32.0,0.0,0.0,0.0,0.0
data/spl/172.31.69.11/cap_00188_20180215160453,53.0,0.0,0.0,0.0,0.0
data/spl/172.31.69.11/cap_00608_20180215194856,281.0,0.0,0.0,0.0,0.0
data/spl/172.31.69.11/cap_00913_20180215223134,147.0,0.0,0.0,0.0,0.0
data/spl/172.31.69.11/cap_00958_20180215225533,66.0,0.0,0.0,0.0,0.0
